base_element,solute_element,nominal_solute_fraction,actual_solute_fraction,seed,a0_mix,E0_eV,V0_A3,Tm_linear_K,hydro_fit,normal_fit,shear_fit,B_eVA3,C11_eVA3,C12_eVA3,C44_eVA3,GV_eVA3,GR_eVA3,G_eVA3,B_over_G,B_GPa,C11_GPa,C12_GPa,C44_GPa,GV_GPa,GR_GPa,G_GPa,born_c1,born_c2,born_c3,born_stable,status
W,Ta,0.0,0.0,42,3.17,-1658.140241864725,2061.8039985013606,3695.0,"{'family': 'hydrostatic', 'x': array([-0.01  , -0.0075, -0.005 , -0.0025,  0.0025,  0.005 ,  0.0075,
        0.01  ]), 'y': array([9.12807472e-04, 5.10873371e-04, 2.27163517e-04, 5.81292252e-05,
       4.88405482e-05, 2.00460195e-04, 4.50656666e-04, 7.95686122e-04]), 'a2': np.float64(8.54108780051905)}","{'family': 'normal', 'x': array([-0.01  , -0.0075, -0.005 , -0.0025,  0.0025,  0.005 ,  0.0075,
        0.01  ]), 'y': array([1.72666155e-04, 9.74492456e-05, 4.38591292e-05, 1.15481940e-05,
       8.75059890e-06, 3.73557882e-05, 8.53925924e-05, 1.52370653e-04]), 'a2': np.float64(1.6253527174784224)}","{'family': 'shear', 'x': array([-0.04, -0.03, -0.02, -0.01,  0.01,  0.02,  0.03,  0.04]), 'y': array([0.00292183, 0.00162887, 0.00072093, 0.00018005, 0.00018004,
       0.00072093, 0.00162888, 0.00292183]), 'a2': np.float64(1.82832276237981)}",1.8980195112264555,3.2507054349568447,1.221676549361261,0.914161381189905,0.9543026058330597,0.9518220605668876,0.9530623331999737,1.9914956714884762,304.096248670927,520.8204248995352,195.73416055662292,146.46479925807026,152.8961324234246,152.49870526019487,152.69741884180974,True,True,True,True,success
W,Ta,0.0,0.0,52,3.17,-1658.1402457663257,2061.803999227761,3695.0,"{'family': 'hydrostatic', 'x': array([-0.01  , -0.0075, -0.005 , -0.0025,  0.0025,  0.005 ,  0.0075,
        0.01  ]), 'y': array([9.12810762e-04, 5.10877979e-04, 2.27167631e-04, 5.81350667e-05,
       4.88409595e-05, 2.00461100e-04, 4.50655926e-04, 7.95688260e-04]), 'a2': np.float64(8.54108391974458)}","{'family': 'normal', 'x': array([-0.01  , -0.0075, -0.005 , -0.0025,  0.0025,  0.005 ,  0.0075,
        0.01  ]), 'y': array([1.72668047e-04, 9.74522897e-05, 4.38610215e-05, 1.15540355e-05,
       8.75175075e-06, 3.73580096e-05, 8.53946493e-05, 1.52372298e-04]), 'a2': np.float64(1.6253389916593235)}","{'family': 'shear', 'x': array([-0.04, -0.03, -0.02, -0.01,  0.01,  0.02,  0.03,  0.04]), 'y': array([0.00292184, 0.00162888, 0.00072093, 0.00018005, 0.00018004,
       0.00072093, 0.00162889, 0.00292184]), 'a2': np.float64(1.8283241616853416)}",1.898018648832129,3.250677983318647,1.2216889815888698,0.9141620808426708,0.9542950488515579,0.9518154941890068,0.9530552715202824,1.9915095226370996,304.0961105001242,520.8160266622428,195.7361524190649,146.46491135480068,152.894921661516,152.4976532104825,152.69628743599924,True,True,True,True,success
W,Ta,0.0,0.0,62,3.17,-1658.1402439003427,2061.8039936085997,3695.0,"{'family': 'hydrostatic', 'x': array([-0.01  , -0.0075, -0.005 , -0.0025,  0.0025,  0.005 ,  0.0075,
        0.01  ]), 'y': array([9.12811012e-04, 5.10876088e-04, 2.27165410e-04, 5.81312823e-05,
       4.88427697e-05, 2.00462088e-04, 4.50654939e-04, 7.95686535e-04]), 'a2': np.float64(8.541084096091204)}","{'family': 'normal', 'x': array([-0.01  , -0.0075, -0.005 , -0.0025,  0.0025,  0.005 ,  0.0075,
        0.01  ]), 'y': array([1.72667225e-04, 9.74499863e-05, 4.38606102e-05, 1.15495104e-05,
       8.75207987e-06, 3.73558706e-05, 8.53918522e-05, 1.52370900e-04]), 'a2': np.float64(1.6253449913167828)}","{'family': 'shear', 'x': array([-0.04, -0.03, -0.02, -0.01,  0.01,  0.02,  0.03,  0.04]), 'y': array([0.00292183, 0.00162888, 0.00072093, 0.00018005, 0.00018005,
       0.00072093, 0.00162888, 0.00292184]), 'a2': np.float64(1.8283233805916772)}",1.8980186880202676,3.2506899826335656,1.2216830407136186,0.9141616902958386,0.9542984025614926,0.9518183985120092,0.9530584005367508,1.991503025366889,304.0961167787562,520.8179491644256,195.7352005859214,146.4648487823003,152.895458985081,152.49811853432388,152.69678875970243,True,True,True,True,success
W,Ta,0.05,0.046875,42,3.1765,-1653.903070044692,2073.5076977924173,3676.015625,"{'family': 'hydrostatic', 'x': array([-0.01  , -0.0075, -0.005 , -0.0025,  0.0025,  0.005 ,  0.0075,
        0.01  ]), 'y': array([8.72052580e-04, 4.82654870e-04, 2.09748029e-04, 5.00372173e-05,
       5.58411036e-05, 2.13453065e-04, 4.68691527e-04, 8.17992328e-04]), 'a2': np.float64(8.448364897802)}","{'family': 'normal', 'x': array([-0.01  , -0.0075, -0.005 , -0.0025,  0.0025,  0.005 ,  0.0075,
        0.01  ]), 'y': array([1.59588341e-04, 8.81827796e-05, 3.80936125e-05, 8.85108399e-06,
       1.10922023e-05, 4.16607982e-05, 9.12618835e-05, 1.59459081e-04]), 'a2': np.float64(1.595223741014229)}","{'family': 'shear', 'x': array([-0.04, -0.03, -0.02, -0.01,  0.01,  0.02,  0.03,  0.04]), 'y': array([0.00278016, 0.00154627, 0.00068338, 0.00017067, 0.00017   ,
       0.00068218, 0.00154477, 0.00277862]), 'a2': np.float64(1.7400166630412943)}",1.8774144217337776,3.190447482028458,1.2208978915864375,0.8700083315206472,0.9159149170007923,0.9125479674621119,0.9142314422314521,2.053543922260421,300.79494940546095,511.16603655962234,195.60940582838032,139.39070086635965,146.74574666606418,146.20630188263547,146.47602427434984,True,True,True,True,success
W,Ta,0.05,0.046875,52,3.1765,-1653.883203772072,2072.9345665219817,3676.015625,"{'family': 'hydrostatic', 'x': array([-0.01  , -0.0075, -0.005 , -0.0025,  0.0025,  0.005 ,  0.0075,
        0.01  ]), 'y': array([8.88165232e-04, 4.94563783e-04, 2.17574280e-04, 5.38875547e-05,
       5.21134933e-05, 2.06132775e-04, 4.57909231e-04, 8.03850957e-04]), 'a2': np.float64(8.45821123670079)}","{'family': 'normal', 'x': array([-0.01  , -0.0075, -0.005 , -0.0025,  0.0025,  0.005 ,  0.0075,
        0.01  ]), 'y': array([1.65334600e-04, 9.24711600e-05, 4.09360636e-05, 1.02657263e-05,
       9.68659288e-06, 3.88706761e-05, 8.71081411e-05, 1.53953733e-04]), 'a2': np.float64(1.5964689152943474)}","{'family': 'shear', 'x': array([-0.04, -0.03, -0.02, -0.01,  0.01,  0.02,  0.03,  0.04]), 'y': array([0.00278649, 0.00154975, 0.00068481, 0.00017093, 0.00017058,
       0.00068411, 0.00154875, 0.00278524]), 'a2': np.float64(1.744049403089108)}",1.87960249704462,3.192937830588695,1.2229348302725824,0.872024701544554,0.9172154209899549,0.9139559332836462,0.9155856771368005,2.052896352553779,301.1455177162191,511.56503438370777,195.93575938247477,139.7137589574782,146.95411037473352,146.43188287485026,146.69299662479187,True,True,True,True,success
W,Ta,0.05,0.046875,62,3.1765,-1653.8750836926797,2072.8064829228106,3676.015625,"{'family': 'hydrostatic', 'x': array([-0.01  , -0.0075, -0.005 , -0.0025,  0.0025,  0.005 ,  0.0075,
        0.01  ]), 'y': array([8.95077093e-04, 4.99681817e-04, 2.20941046e-04, 5.55519551e-05,
       5.04832224e-05, 2.02904391e-04, 4.53109480e-04, 7.97500061e-04]), 'a2': np.float64(8.461026400413868)}","{'family': 'normal', 'x': array([-0.01  , -0.0075, -0.005 , -0.0025,  0.0025,  0.005 ,  0.0075,
        0.01  ]), 'y': array([1.66870854e-04, 9.36194994e-05, 4.16915049e-05, 1.06388882e-05,
       9.31237234e-06, 3.81329331e-05, 8.60121448e-05, 1.52507344e-04]), 'a2': np.float64(1.5969571656059536)}","{'family': 'shear', 'x': array([-0.04, -0.03, -0.02, -0.01,  0.01,  0.02,  0.03,  0.04]), 'y': array([0.00278774, 0.00155112, 0.00068591, 0.00017155, 0.00016991,
       0.0006828 , 0.00154685, 0.00278265]), 'a2': np.float64(1.7436177200858807)}",1.8802280889808596,3.193914331211907,1.2233849678653357,0.8718088600429403,0.9171911886950784,0.9139042521748791,0.9155477204349788,2.053664759372192,301.2457485936595,511.72148703057854,196.00787937520002,139.6791773367098,146.9502279331016,146.4236026484299,146.68691529076574,True,True,True,True,success
W,Ta,0.1,0.1015625,42,3.1830000000000003,-1648.3857977465732,2085.6256019813486,3653.8671875,"{'family': 'hydrostatic', 'x': array([-0.01  , -0.0075, -0.005 , -0.0025,  0.0025,  0.005 ,  0.0075,
        0.01  ]), 'y': array([8.63315527e-04, 4.78185617e-04, 2.07999940e-04, 4.97122489e-05,
       5.51246198e-05, 2.10964283e-04, 4.63338035e-04, 8.08691932e-04]), 'a2': np.float64(8.357540747005423)}","{'family': 'normal', 'x': array([-0.01  , -0.0075, -0.005 , -0.0025,  0.0025,  0.005 ,  0.0075,
        0.01  ]), 'y': array([1.56222915e-04, 8.63496173e-05, 3.73327031e-05, 8.70612191e-06,
       1.07567455e-05, 4.05146996e-05, 8.88268440e-05, 1.55254294e-04]), 'a2': np.float64(1.5574241371068847)}","{'family': 'shear', 'x': array([-0.04, -0.03, -0.02, -0.01,  0.01,  0.02,  0.03,  0.04]), 'y': array([0.00263792, 0.00146466, 0.00064677, 0.00016177, 0.00015942,
       0.00064221, 0.00145825, 0.00263028]), 'a2': np.float64(1.649804096351899)}",1.8572312771123163,3.1148482742137693,1.22842277856159,0.8249020481759495,0.8722263280360056,0.8684765519014425,0.870351439968724,2.1338866023810517,297.56125316078794,499.0537082284529,196.8150256269555,132.16387760375414,139.74606308255198,139.14528271694888,139.44567289975043,True,True,True,True,success
W,Ta,0.1,0.1015625,52,3.1830000000000003,-1648.3634807597605,2085.5863916779535,3653.8671875,"{'family': 'hydrostatic', 'x': array([-0.01  , -0.0075, -0.005 , -0.0025,  0.0025,  0.005 ,  0.0075,
        0.01  ]), 'y': array([8.63967893e-04, 4.78711583e-04, 2.08374827e-04, 4.99141666e-05,
       5.48950665e-05, 2.10482344e-04, 4.62596902e-04, 8.07712713e-04]), 'a2': np.float64(8.355961403668656)}","{'family': 'normal', 'x': array([-0.01  , -0.0075, -0.005 , -0.0025,  0.0025,  0.005 ,  0.0075,
        0.01  ]), 'y': array([1.55798916e-04, 8.60418357e-05, 3.71323406e-05, 8.60672941e-06,
       1.08544705e-05, 4.07108322e-05, 8.91250678e-05, 1.55654543e-04]), 'a2': np.float64(1.5573059522191195)}","{'family': 'shear', 'x': array([-0.04, -0.03, -0.02, -0.01,  0.01,  0.02,  0.03,  0.04]), 'y': array([0.00262785, 0.00145613, 0.00064065, 0.00015861, 0.00016248,
       0.00064798, 0.00146615, 0.00263949]), 'a2': np.float64(1.6495548076985036)}",1.8568803119263682,3.114611904438239,1.228014515670433,0.8247774038492518,0.8721859200631122,0.8684227901655547,0.8703043551143335,2.1335987818680127,297.50502233922384,499.015837615631,196.74961470102028,132.14390738113912,139.7395890116056,139.13666913731558,139.4381290744606,True,True,True,True,success
W,Ta,0.1,0.1015625,62,3.1830000000000003,-1648.426991695757,2085.562775159411,3653.8671875,"{'family': 'hydrostatic', 'x': array([-0.01  , -0.0075, -0.005 , -0.0025,  0.0025,  0.005 ,  0.0075,
        0.01  ]), 'y': array([8.66250251e-04, 4.80379871e-04, 2.09460605e-04, 5.04454602e-05,
       5.43823660e-05, 2.09495173e-04, 4.61158723e-04, 8.05826692e-04]), 'a2': np.float64(8.357975694886791)}","{'family': 'normal', 'x': array([-0.01  , -0.0075, -0.005 , -0.0025,  0.0025,  0.005 ,  0.0075,
        0.01  ]), 'y': array([1.57998830e-04, 8.76829841e-05, 3.82196763e-05, 9.14869843e-06,
       1.03063775e-05, 3.96229138e-05, 8.74896445e-05, 1.53473772e-04]), 'a2': np.float64(1.557438140561304)}","{'family': 'shear', 'x': array([-0.04, -0.03, -0.02, -0.01,  0.01,  0.02,  0.03,  0.04]), 'y': array([0.00263651, 0.00146278, 0.00064492, 0.00016053, 0.00016128,
       0.00064651, 0.00146547, 0.00264073]), 'a2': np.float64(1.652601366825541)}",1.8573279321970648,3.114876281122608,1.228553757734293,0.8263006834127705,0.8730449147253253,0.8693886535986182,0.8712167841619718,2.131878042252869,297.5767390124945,499.05819542990906,196.83601080378716,132.38796367150033,139.8772151281246,139.29141751844958,139.58431632328708,True,True,True,True,success
W,Ta,0.15,0.1484375,42,3.1895,-1642.9286381113686,2096.1216592787064,3634.8828125,"{'family': 'hydrostatic', 'x': array([-0.01  , -0.0075, -0.005 , -0.0025,  0.0025,  0.005 ,  0.0075,
        0.01  ]), 'y': array([8.50403461e-04, 4.71069423e-04, 2.04884629e-04, 4.89388273e-05,
       5.43796129e-05, 2.07991210e-04, 4.56676307e-04, 7.96905963e-04]), 'a2': np.float64(8.233868777497092)}","{'family': 'normal', 'x': array([-0.01  , -0.0075, -0.005 , -0.0025,  0.0025,  0.005 ,  0.0075,
        0.01  ]), 'y': array([1.50675693e-04, 8.30679217e-05, 3.57338956e-05, 8.19670589e-06,
       1.06871015e-05, 3.98022242e-05, 8.69030970e-05, 1.51562096e-04]), 'a2': np.float64(1.5112288794753193)}","{'family': 'shear', 'x': array([-0.04, -0.03, -0.02, -0.01,  0.01,  0.02,  0.03,  0.04]), 'y': array([0.00251581, 0.00139345, 0.00061293, 0.00015181, 0.0001551 ,
       0.0006192 , 0.00140193, 0.00252526]), 'a2': np.float64(1.5788699827265182)}",1.829748617221576,3.0224577589506385,1.233394046357045,0.7894349913632591,0.8314737373366743,0.828364170570181,0.8299189539534276,2.2047316891671516,293.15804564535375,484.2511158746275,197.61151053071688,126.48142868036636,133.21677827700196,132.71857075959272,132.96767451829734,True,True,True,True,success
W,Ta,0.15,0.1484375,52,3.1895,-1643.1723855309028,2095.3065832564907,3634.8828125,"{'family': 'hydrostatic', 'x': array([-0.01  , -0.0075, -0.005 , -0.0025,  0.0025,  0.005 ,  0.0075,
        0.01  ]), 'y': array([8.68683783e-04, 4.84171122e-04, 2.13195555e-04, 5.28822917e-05,
       5.08648638e-05, 2.01361149e-04, 4.47264392e-04, 7.85005255e-04]), 'a2': np.float64(8.26555356126853)}","{'family': 'normal', 'x': array([-0.01  , -0.0075, -0.005 , -0.0025,  0.0025,  0.005 ,  0.0075,
        0.01  ]), 'y': array([1.56343337e-04, 8.71370340e-05, 3.83253013e-05, 9.43395893e-06,
       9.56543704e-06, 3.76611102e-05, 8.38486241e-05, 1.47687560e-04]), 'a2': np.float64(1.5201814514788807)}","{'family': 'shear', 'x': array([-0.04, -0.03, -0.02, -0.01,  0.01,  0.02,  0.03,  0.04]), 'y': array([0.00253307, 0.00140598, 0.00062135, 0.00015617, 0.00015041,
       0.00061004, 0.00138957, 0.0025121 ]), 'a2': np.float64(1.580411437018093)}",1.8367896802818953,3.0403629029577615,1.2350030689439622,0.7902057185090465,0.8351953979081879,0.8316555338109533,0.8334254658595706,2.203903954851541,294.28614830743595,487.1198361866544,197.86930436782666,126.60491278176602,133.8130540328252,133.2459052830853,133.52947965795525,True,True,True,True,success
W,Ta,0.15,0.1484375,62,3.1895,-1643.4657618212318,2095.5349828282715,3634.8828125,"{'family': 'hydrostatic', 'x': array([-0.01  , -0.0075, -0.005 , -0.0025,  0.0025,  0.005 ,  0.0075,
        0.01  ]), 'y': array([8.69334252e-04, 4.84905272e-04, 2.13862988e-04, 5.33071041e-05,
       5.02398049e-05, 1.99937623e-04, 4.44916565e-04, 7.81674951e-04]), 'a2': np.float64(8.252374534779321)}","{'family': 'normal', 'x': array([-0.01  , -0.0075, -0.005 , -0.0025,  0.0025,  0.005 ,  0.0075,
        0.01  ]), 'y': array([1.57736375e-04, 8.82142985e-05, 3.90642506e-05, 9.81428897e-06,
       9.15316541e-06, 3.68233761e-05, 8.25650799e-05, 1.45929891e-04]), 'a2': np.float64(1.5184106555803534)}","{'family': 'shear', 'x': array([-0.04, -0.03, -0.02, -0.01,  0.01,  0.02,  0.03,  0.04]), 'y': array([0.00251388, 0.00139137, 0.00061152, 0.00015127, 0.00015513,
       0.00061918, 0.00140286, 0.00252948]), 'a2': np.float64(1.5798749189494152)}",1.833861007728738,3.0368213111607067,1.2323808560127536,0.7899374594747076,0.8348505667144153,0.8313211654868732,0.8330858661006442,2.201286904928947,293.8169232379712,486.55241062888865,197.4491795425125,126.5619329464524,133.7578059851467,133.1923335719276,133.47506977853712,True,True,True,True,success
W,Ta,0.2,0.203125,42,3.196,-1636.2282622899334,2108.5073854309876,3612.734375,"{'family': 'hydrostatic', 'x': array([-0.01  , -0.0075, -0.005 , -0.0025,  0.0025,  0.005 ,  0.0075,
        0.01  ]), 'y': array([8.32961193e-04, 4.61318236e-04, 2.00545504e-04, 4.78307765e-05,
       5.34093168e-05, 2.03983724e-04, 4.47558193e-04, 7.80662443e-04]), 'a2': np.float64(8.065241950297901)}","{'family': 'normal', 'x': array([-0.01  , -0.0075, -0.005 , -0.0025,  0.0025,  0.005 ,  0.0075,
        0.01  ]), 'y': array([1.44937499e-04, 7.98950235e-05, 3.43693335e-05, 7.89251679e-06,
       1.02401225e-05, 3.81581261e-05, 8.33279745e-05, 1.45315425e-04]), 'a2': np.float64(1.451334005114952)}","{'family': 'shear', 'x': array([-0.04, -0.03, -0.02, -0.01,  0.01,  0.02,  0.03,  0.04]), 'y': array([0.00237988, 0.00131786, 0.00058004, 0.00014427, 0.0001445 ,
       0.0005804 , 0.00131818, 0.00237984]), 'a2': np.float64(1.4912050214558907)}",1.7922759889550892,2.902668010229904,1.2370799783176818,0.7456025107279454,0.7804791128192117,0.7781924525352718,0.7793357826772418,2.299748104466739,287.15426875250427,465.05868239344073,198.20206193203606,119.45869110980952,125.04653875816665,124.68017539350261,124.86335707583464,True,True,True,True,success
W,Ta,0.2,0.203125,52,3.196,-1636.6071726107525,2108.0743409103156,3612.734375,"{'family': 'hydrostatic', 'x': array([-0.01  , -0.0075, -0.005 , -0.0025,  0.0025,  0.005 ,  0.0075,
        0.01  ]), 'y': array([8.36735908e-04, 4.64047921e-04, 2.02298801e-04, 4.86740606e-05,
       5.26503600e-05, 2.02570545e-04, 4.45642468e-04, 7.78417064e-04]), 'a2': np.float64(8.072982576867972)}","{'family': 'normal', 'x': array([-0.01  , -0.0075, -0.005 , -0.0025,  0.0025,  0.005 ,  0.0075,
        0.01  ]), 'y': array([1.46927459e-04, 8.13272088e-05, 3.52810272e-05, 8.32798717e-06,
       9.85368105e-06, 3.74385644e-05, 8.23299341e-05, 1.44101063e-04]), 'a2': np.float64(1.4552116178795949)}","{'family': 'shear', 'x': array([-0.04, -0.03, -0.02, -0.01,  0.01,  0.02,  0.03,  0.04]), 'y': array([0.00238615, 0.00132118, 0.00058169, 0.00014495, 0.000144  ,
       0.00057956, 0.00131733, 0.00237965]), 'a2': np.float64(1.4931994470643135)}",1.7939961281928827,2.9104232357591897,1.235782574409729,0.7465997235321568,0.7828879663891862,0.7804220790863974,0.7816550227377919,2.2951251843931195,287.42986543963565,466.30120649664605,197.99419491113042,119.6184622138965,125.43247964544103,125.03740094683545,125.23494029613825,True,True,True,True,success
W,Ta,0.2,0.203125,62,3.196,-1636.8014519732974,2107.588200267774,3612.734375,"{'family': 'hydrostatic', 'x': array([-0.01  , -0.0075, -0.005 , -0.0025,  0.0025,  0.005 ,  0.0075,
        0.01  ]), 'y': array([8.38460833e-04, 4.64960721e-04, 2.02659848e-04, 4.87368804e-05,
       5.27961944e-05, 2.03041762e-04, 4.46600040e-04, 7.80021408e-04]), 'a2': np.float64(8.089624535871337)}","{'family': 'normal', 'x': array([-0.01  , -0.0075, -0.005 , -0.0025,  0.0025,  0.005 ,  0.0075,
        0.01  ]), 'y': array([1.46948391e-04, 8.12187169e-05, 3.51328582e-05, 8.21843272e-06,
       1.00230463e-05, 3.78299993e-05, 8.29793037e-05, 1.45048882e-04]), 'a2': np.float64(1.4600522422649425)}","{'family': 'shear', 'x': array([-0.04, -0.03, -0.02, -0.01,  0.01,  0.02,  0.03,  0.04]), 'y': array([0.00237216, 0.00130942, 0.00057334, 0.00014073, 0.00014784,
       0.00058691, 0.00132847, 0.00239567]), 'a2': np.float64(1.4940631151264459)}",1.7976943413047417,2.920104484529885,1.23648926969217,0.7470315575632229,0.7849419775054767,0.7822602914094425,0.7836011344574596,2.2941446384574316,288.0223844982913,467.8523135407017,198.1074199770861,119.68764965276051,125.76156850437943,125.33191502764039,125.5467417660099,True,True,True,True,success
W,Ta,0.25,0.25,42,3.2024999999999997,-1630.6297669121093,2119.0159151171024,3593.75,"{'family': 'hydrostatic', 'x': array([-0.01  , -0.0075, -0.005 , -0.0025,  0.0025,  0.005 ,  0.0075,
        0.01  ]), 'y': array([8.15516017e-04, 4.51806412e-04, 1.96543634e-04, 4.69785646e-05,
       5.20569237e-05, 1.99195569e-04, 4.37409415e-04, 7.63394490e-04]), 'a2': np.float64(7.891934981801595)}","{'family': 'normal', 'x': array([-0.01  , -0.0075, -0.005 , -0.0025,  0.0025,  0.005 ,  0.0075,
        0.01  ]), 'y': array([1.40469462e-04, 7.75656777e-05, 3.34949795e-05, 7.78801282e-06,
       9.68200054e-06, 3.64004442e-05, 7.97340891e-05, 1.39282347e-04]), 'a2': np.float64(1.3988533055901982)}","{'family': 'shear', 'x': array([-0.04, -0.03, -0.02, -0.01,  0.01,  0.02,  0.03,  0.04]), 'y': array([0.00225812, 0.00124759, 0.00054704, 0.00013484, 0.00013934,
       0.00055555, 0.00125934, 0.00227224]), 'a2': np.float64(1.4196566083474922)}",1.7537633292892432,2.7977066111803963,1.2317916883436666,0.7098283041737461,0.7390799670715935,0.7373770616727584,0.738228514372176,2.3756374823596804,280.9838604603597,448.2420124290827,197.35478447599826,113.7270313729287,118.4136644143741,118.14082889262933,118.2772466535017,True,True,True,True,success
W,Ta,0.25,0.25,52,3.2024999999999997,-1630.6650560429684,2118.7728442420835,3593.75,"{'family': 'hydrostatic', 'x': array([-0.01  , -0.0075, -0.005 , -0.0025,  0.0025,  0.005 ,  0.0075,
        0.01  ]), 'y': array([8.19854262e-04, 4.54987978e-04, 1.98605861e-04, 4.79731296e-05,
       5.11537831e-05, 1.97481700e-04, 4.34954192e-04, 7.60219430e-04]), 'a2': np.float64(7.897617517057392)}","{'family': 'normal', 'x': array([-0.01  , -0.0075, -0.005 , -0.0025,  0.0025,  0.005 ,  0.0075,
        0.01  ]), 'y': array([1.44563574e-04, 8.06480258e-05, 3.55590773e-05, 8.82419792e-06,
       8.64165481e-06, 3.43192253e-05, 7.66103003e-05, 1.35112564e-04]), 'a2': np.float64(1.3984698055572418)}","{'family': 'shear', 'x': array([-0.04, -0.03, -0.02, -0.01,  0.01,  0.02,  0.03,  0.04]), 'y': array([0.00225978, 0.00124679, 0.00054541, 0.00013361, 0.00014111,
       0.00055925, 0.00126473, 0.00227879]), 'a2': np.float64(1.4222156091893452)}",1.7550261149016426,2.7969396111144835,1.234069366795222,0.7111078045946726,0.7392387316206558,0.7376629756502525,0.7384508536354542,2.3766322515053036,281.1861810188866,448.1191254717069,197.71970879247647,113.93202993899992,118.43910129924603,118.18663736165942,118.31286933045273,True,True,True,True,success
W,Ta,0.25,0.25,62,3.2024999999999997,-1630.999556223302,2118.815626469774,3593.75,"{'family': 'hydrostatic', 'x': array([-0.01  , -0.0075, -0.005 , -0.0025,  0.0025,  0.005 ,  0.0075,
        0.01  ]), 'y': array([8.14245597e-04, 4.50712412e-04, 1.95716607e-04, 4.65113652e-05,
       5.26599815e-05, 2.00541893e-04, 4.39618899e-04, 7.66590318e-04]), 'a2': np.float64(7.901447281611269)}","{'family': 'normal', 'x': array([-0.01  , -0.0075, -0.005 , -0.0025,  0.0025,  0.005 ,  0.0075,
        0.01  ]), 'y': array([1.40485943e-04, 7.75409054e-05, 3.34544323e-05, 7.76088773e-06,
       9.72967148e-06, 3.65078045e-05, 7.99123167e-05, 1.39538259e-04]), 'a2': np.float64(1.4002040803374525)}","{'family': 'shear', 'x': array([-0.04, -0.03, -0.02, -0.01,  0.01,  0.02,  0.03,  0.04]), 'y': array([0.00225895, 0.0012474 , 0.00054675, 0.00013482, 0.00013885,
       0.00055394, 0.00125607, 0.00226683]), 'a2': np.float64(1.4183369510713746)}",1.755877173691393,2.800408160674905,1.233611680199637,0.7091684755356873,0.7388603814164659,0.7371058334553188,0.7379831074358923,2.379291823890324,281.32253566847305,448.67484837308626,197.64637931616647,113.62131517116549,118.37848291408325,118.09737334174102,118.23792812791213,True,True,True,True,success
W,Ta,0.3,0.296875,42,3.2089999999999996,-1624.2841491667964,2130.059873078265,3574.765625,"{'family': 'hydrostatic', 'x': array([-0.01  , -0.0075, -0.005 , -0.0025,  0.0025,  0.005 ,  0.0075,
        0.01  ]), 'y': array([7.94914996e-04, 4.40757877e-04, 1.92020498e-04, 4.60755827e-05,
       5.04714697e-05, 1.93760998e-04, 4.26035104e-04, 7.44111593e-04]), 'a2': np.float64(7.692480251969328)}","{'family': 'normal', 'x': array([-0.01  , -0.0075, -0.005 , -0.0025,  0.0025,  0.005 ,  0.0075,
        0.01  ]), 'y': array([1.35709374e-04, 7.52991766e-05, 3.28424479e-05, 7.89058459e-06,
       8.75689241e-06, 3.37440356e-05, 7.45723158e-05, 1.30857159e-04]), 'a2': np.float64(1.3329373492150247)}","{'family': 'shear', 'x': array([-0.04, -0.03, -0.02, -0.01,  0.01,  0.02,  0.03,  0.04]), 'y': array([0.00215453, 0.0011965 , 0.00052896, 0.0001332 , 0.00012737,
       0.00051903, 0.00118589, 0.00214803]), 'a2': np.float64(1.348206504445278)}",1.709440055993184,2.6658746984300494,1.231222734774751,0.674103252222639,0.6913923440646431,0.6907518506113752,0.6910720973380091,2.473605955989108,273.88248923713223,427.12021158068757,197.26362806535454,108.00324707163578,110.77326494604809,110.67064658238796,110.72195576421801,True,True,True,True,success
W,Ta,0.3,0.296875,52,3.2089999999999996,-1623.9769249078645,2130.4627956554236,3574.765625,"{'family': 'hydrostatic', 'x': array([-0.01  , -0.0075, -0.005 , -0.0025,  0.0025,  0.005 ,  0.0075,
        0.01  ]), 'y': array([8.05125661e-04, 4.48449352e-04, 1.97167749e-04, 4.86563031e-05,
       4.78806910e-05, 1.88582270e-04, 4.18287906e-04, 7.33770063e-04]), 'a2': np.float64(7.691847451028286)}","{'family': 'normal', 'x': array([-0.01  , -0.0075, -0.005 , -0.0025,  0.0025,  0.005 ,  0.0075,
        0.01  ]), 'y': array([1.40274956e-04, 7.86681364e-05, 3.50422842e-05, 8.96416823e-06,
       7.73645412e-06, 3.17631513e-05, 7.16924845e-05, 1.27136926e-04]), 'a2': np.float64(1.337158985543388)}","{'family': 'shear', 'x': array([-0.04, -0.03, -0.02, -0.01,  0.01,  0.02,  0.03,  0.04]), 'y': array([0.00217523, 0.00120592, 0.00053116, 0.00013235, 0.00013138,
       0.00052905, 0.00120286, 0.00217208]), 'a2': np.float64(1.36202920775655)}",1.7092994335618412,2.674317971086776,1.2267901647993738,0.681014603878275,0.6981143235844455,0.697493660147237,0.6978039918658412,2.4495409219305078,273.8599590399465,428.4729729860523,196.55345206689358,109.1105676757145,111.85024478926046,111.75080354441238,111.80052416683641,True,True,True,True,success
W,Ta,0.3,0.296875,62,3.2089999999999996,-1624.4613256078808,2129.414294173834,3574.765625,"{'family': 'hydrostatic', 'x': array([-0.01  , -0.0075, -0.005 , -0.0025,  0.0025,  0.005 ,  0.0075,
        0.01  ]), 'y': array([8.00699040e-04, 4.45237978e-04, 1.95116967e-04, 4.76718910e-05,
       4.88250479e-05, 1.90510593e-04, 4.21312412e-04, 7.38105416e-04]), 'a2': np.float64(7.691619776779181)}","{'family': 'normal', 'x': array([-0.01  , -0.0075, -0.005 , -0.0025,  0.0025,  0.005 ,  0.0075,
        0.01  ]), 'y': array([1.35274613e-04, 7.49545213e-05, 3.25996352e-05, 7.75583752e-06,
       8.90102815e-06, 3.40515669e-05, 7.50575650e-05, 1.31538792e-04]), 'a2': np.float64(1.3341911566038376)}","{'family': 'shear', 'x': array([-0.04, -0.03, -0.02, -0.01,  0.01,  0.02,  0.03,  0.04]), 'y': array([0.00213903, 0.00118268, 0.00051911, 0.00012839, 0.00013095,
       0.00052432, 0.001191  , 0.00215141]), 'a2': np.float64(1.3446324957193099)}",1.7092488392842624,2.668382313207675,1.2296821023225561,0.6723162478596549,0.6911297908928168,0.6903719088197314,0.6907508498562741,2.4744795314257075,273.8518529430782,427.521975757756,197.0167915357393,107.71693741047171,110.73119929068638,110.6097731968043,110.67048624374534,True,True,True,True,success
W,Ta,0.35,0.3515625,42,3.2155,-1616.1813573648242,2143.807905231301,3552.6171875,"{'family': 'hydrostatic', 'x': array([-0.01  , -0.0075, -0.005 , -0.0025,  0.0025,  0.005 ,  0.0075,
        0.01  ]), 'y': array([7.64807595e-04, 4.24197087e-04, 1.84856047e-04, 4.43463877e-05,
       4.87847059e-05, 1.87306120e-04, 4.12035816e-04, 7.20058645e-04]), 'a2': np.float64(7.421886945323062)}","{'family': 'normal', 'x': array([-0.01  , -0.0075, -0.005 , -0.0025,  0.0025,  0.005 ,  0.0075,
        0.01  ]), 'y': array([1.25138489e-04, 6.89629295e-05, 2.96520771e-05, 6.79715768e-06,
       8.87086010e-06, 3.30466205e-05, 7.21714829e-05, 1.25905870e-04]), 'a2': np.float64(1.2553743363594614)}","{'family': 'shear', 'x': array([-0.04, -0.03, -0.02, -0.01,  0.01,  0.02,  0.03,  0.04]), 'y': array([0.0020055 , 0.0011102 , 0.00048756, 0.00012056, 0.00012311,
       0.00049279, 0.00111875, 0.00201867]), 'a2': np.float64(1.2610000764880713)}",1.6493082100717915,2.5107486727189228,1.2185879787482259,0.6305000382440357,0.6367321617405608,0.6366411103899823,0.6366866360652715,2.5904552045642566,264.2483054670519,402.26628241348885,195.23931699383348,101.01724206880998,102.01573832521707,102.00115029069815,102.00844430795762,True,True,True,True,success
W,Ta,0.35,0.3515625,52,3.2155,-1616.207155427705,2144.2252259501442,3552.6171875,"{'family': 'hydrostatic', 'x': array([-0.01  , -0.0075, -0.005 , -0.0025,  0.0025,  0.005 ,  0.0075,
        0.01  ]), 'y': array([7.70843712e-04, 4.28541104e-04, 1.87624050e-04, 4.56619402e-05,
       4.76067209e-05, 1.85071844e-04, 4.08885587e-04, 7.16108291e-04]), 'a2': np.float64(7.432279157562409)}","{'family': 'normal', 'x': array([-0.01  , -0.0075, -0.005 , -0.0025,  0.0025,  0.005 ,  0.0075,
        0.01  ]), 'y': array([1.32098019e-04, 7.40860783e-05, 3.29985361e-05, 8.43587451e-06,
       7.31101477e-06, 3.00023119e-05, 6.77187559e-05, 1.20127283e-04]), 'a2': np.float64(1.2612493470759156)}","{'family': 'shear', 'x': array([-0.04, -0.03, -0.02, -0.01,  0.01,  0.02,  0.03,  0.04]), 'y': array([0.00204007, 0.00113307, 0.00050052, 0.00012577, 0.00012067,
       0.00049064, 0.00111945, 0.00202478]), 'a2': np.float64(1.273607643186726)}",1.6516175905694241,2.5224986941518313,1.2161770387782205,0.636803821593363,0.6433466240307399,0.6432473190421772,0.6432969715364586,2.5674263421832686,264.6183090112358,404.14884337685936,194.85304182842398,102.02721949929804,103.0754920092659,103.0595815961655,103.0675368027157,True,True,True,True,success
W,Ta,0.35,0.3515625,62,3.2155,-1616.6895543520704,2143.910360417318,3552.6171875,"{'family': 'hydrostatic', 'x': array([-0.01  , -0.0075, -0.005 , -0.0025,  0.0025,  0.005 ,  0.0075,
        0.01  ]), 'y': array([7.63160239e-04, 4.22908417e-04, 1.83959955e-04, 4.38825006e-05,
       4.92892035e-05, 1.88335435e-04, 4.13627961e-04, 7.22272741e-04]), 'a2': np.float64(7.424703846600942)}","{'family': 'normal', 'x': array([-0.01  , -0.0075, -0.005 , -0.0025,  0.0025,  0.005 ,  0.0075,
        0.01  ]), 'y': array([1.24541373e-04, 6.84857996e-05, 2.93189326e-05, 6.62513372e-06,
       9.06381528e-06, 3.34380502e-05, 7.27773285e-05, 1.26725750e-04]), 'a2': np.float64(1.2564574463063243)}","{'family': 'shear', 'x': array([-0.04, -0.03, -0.02, -0.01,  0.01,  0.02,  0.03,  0.04]), 'y': array([0.00201122, 0.00111507, 0.00049129, 0.0001227 , 0.00012071,
       0.00048835, 0.00111318, 0.002013  ]), 'a2': np.float64(1.2611379114511858)}",1.6499341881335428,2.5129148926126486,1.21844383589399,0.6305689557255929,0.6372355847790875,0.6371315117988389,0.6371835482889632,2.5894174332719846,264.3485982086191,402.6133491004128,195.21622276272225,101.02828386658152,102.09639558748702,102.0797212579059,102.08805842269646,True,True,True,True,success
W,Ta,0.4,0.3984375,42,3.222,-1609.162756657442,2155.905038094846,3533.6328125,"{'family': 'hydrostatic', 'x': array([-0.01  , -0.0075, -0.005 , -0.0025,  0.0025,  0.005 ,  0.0075,
        0.01  ]), 'y': array([7.42533266e-04, 4.12497814e-04, 1.80228605e-04, 4.35200925e-05,
       4.69655777e-05, 1.81345797e-04, 3.99882872e-04, 6.99801585e-04]), 'a2': np.float64(7.209147291313995)}","{'family': 'normal', 'x': array([-0.01  , -0.0075, -0.005 , -0.0025,  0.0025,  0.005 ,  0.0075,
        0.01  ]), 'y': array([1.21095717e-04, 6.72163505e-05, 2.93226223e-05, 7.03834524e-06,
       7.85803380e-06, 3.02816599e-05, 6.69548842e-05, 1.17568125e-04]), 'a2': np.float64(1.1934623616830058)}","{'family': 'shear', 'x': array([-0.04, -0.03, -0.02, -0.01,  0.01,  0.02,  0.03,  0.04]), 'y': array([0.00191191, 0.00105991, 0.00046634, 0.00011606, 0.0001151 ,
       0.00046404, 0.00105583, 0.00190616]), 'a2': np.float64(1.196449777697406)}",1.60203273140311,2.3869247233660116,1.2095867354216592,0.598224888848703,0.5944025308980923,0.5943655419523756,0.594384036425234,2.6952822303878032,256.6739388010429,382.4274987386531,193.79715883223776,95.84619308940705,95.2337838349273,95.22785755252177,95.23082069372454,True,True,True,True,success
W,Ta,0.4,0.3984375,52,3.222,-1609.2095987674734,2156.191997377524,3533.6328125,"{'family': 'hydrostatic', 'x': array([-0.01  , -0.0075, -0.005 , -0.0025,  0.0025,  0.005 ,  0.0075,
        0.01  ]), 'y': array([7.45280257e-04, 4.14710439e-04, 1.81806290e-04, 4.43602356e-05,
       4.60272449e-05, 1.79378667e-04, 3.96832317e-04, 6.95696387e-04]), 'a2': np.float64(7.202449384001987)}","{'family': 'normal', 'x': array([-0.01  , -0.0075, -0.005 , -0.0025,  0.0025,  0.005 ,  0.0075,
        0.01  ]), 'y': array([1.22347894e-04, 6.81788633e-05, 2.99784745e-05, 7.37224225e-06,
       7.51802394e-06, 2.95908510e-05, 6.59085868e-05, 1.16158662e-04]), 'a2': np.float64(1.1926558333714214)}","{'family': 'shear', 'x': array([-0.04, -0.03, -0.02, -0.01,  0.01,  0.02,  0.03,  0.04]), 'y': array([0.00190646, 0.00105432, 0.0004618 , 0.0001134 , 0.00011839,
       0.00047081, 0.00106551, 0.00191735]), 'a2': np.float64(1.198118980685896)}",1.600544307555997,2.385311666742843,1.2081606279625743,0.599059490342948,0.5948659019618225,0.5948214001905263,0.5948436510761744,2.69069747094104,256.4354670120743,382.16905857768637,193.56867122926832,95.97991098958347,95.30802406343369,95.3008940936782,95.30445907855594,True,True,True,True,success
W,Ta,0.4,0.3984375,62,3.222,-1609.596310339047,2156.3263892270556,3533.6328125,"{'family': 'hydrostatic', 'x': array([-0.01  , -0.0075, -0.005 , -0.0025,  0.0025,  0.005 ,  0.0075,
        0.01  ]), 'y': array([7.38618618e-04, 4.09876771e-04, 1.78664191e-04, 4.28210370e-05,
       4.75262353e-05, 1.82328803e-04, 4.01205386e-04, 7.01472565e-04]), 'a2': np.float64(7.197932117716049)}","{'family': 'normal', 'x': array([-0.01  , -0.0075, -0.005 , -0.0025,  0.0025,  0.005 ,  0.0075,
        0.01  ]), 'y': array([1.19438308e-04, 6.60551685e-05, 2.86022293e-05, 6.70628718e-06,
       8.14072737e-06, 3.08006579e-05, 6.76576051e-05, 1.18406768e-04]), 'a2': np.float64(1.189356035051054)}","{'family': 'shear', 'x': array([-0.04, -0.03, -0.02, -0.01,  0.01,  0.02,  0.03,  0.04]), 'y': array([0.00189319, 0.00104857, 0.00046072, 0.00011422, 0.00011539,
       0.00046378, 0.0010546 , 0.00190334]), 'a2': np.float64(1.1898052600040785)}",1.5995404706035665,2.378712070102108,1.209954670854296,0.5949026300020392,0.590693057850786,0.5906478976805625,0.5906704777656742,2.7080081548245634,256.2746346024464,381.1116866332368,193.85610858705124,95.31390854416999,94.63946073573912,94.63222527884678,94.63584300729293,True,True,True,True,success
W,Ta,0.45,0.453125,42,3.2285,-1600.7285133520568,2172.992799912975,3511.484375,"{'family': 'hydrostatic', 'x': array([-0.01  , -0.0075, -0.005 , -0.0025,  0.0025,  0.005 ,  0.0075,
        0.01  ]), 'y': array([7.12636391e-04, 3.95471668e-04, 1.72291347e-04, 4.11637069e-05,
       4.63698268e-05, 1.77485913e-04, 3.90399586e-04, 6.82653084e-04]), 'a2': np.float64(6.974002500185926)}","{'family': 'normal', 'x': array([-0.01  , -0.0075, -0.005 , -0.0025,  0.0025,  0.005 ,  0.0075,
        0.01  ]), 'y': array([1.12808932e-04, 6.23155524e-05, 2.69087534e-05, 6.24821042e-06,
       7.85275969e-06, 2.95119500e-05, 6.46879496e-05, 1.13109873e-04]), 'a2': np.float64(1.129727952729436)}","{'family': 'shear', 'x': array([-0.04, -0.03, -0.02, -0.01,  0.01,  0.02,  0.03,  0.04]), 'y': array([0.00178448, 0.0009835 , 0.00042723, 0.00010215, 0.0001177 ,
       0.00045699, 0.00102454, 0.0018322 ]), 'a2': np.float64(1.1329485608788084)}",1.5497783333746502,2.259455905458872,1.1949395473325393,0.5664742804394042,0.552787839888909,0.5522731759975198,0.5525305079432143,2.8048737781804562,248.3018613155253,362.00474274546997,191.45042060055295,90.75918484045161,88.56637533325437,88.483917087819,88.52514621053668,True,True,True,True,success
W,Ta,0.45,0.453125,52,3.2285,-1601.145522210747,2172.588873284899,3511.484375,"{'family': 'hydrostatic', 'x': array([-0.01  , -0.0075, -0.005 , -0.0025,  0.0025,  0.005 ,  0.0075,
        0.01  ]), 'y': array([7.13600743e-04, 3.96495305e-04, 1.73117332e-04, 4.16253147e-05,
       4.58918559e-05, 1.76547406e-04, 3.89074310e-04, 6.81080015e-04]), 'a2': np.float64(6.970823364064868)}","{'family': 'normal', 'x': array([-0.01  , -0.0075, -0.005 , -0.0025,  0.0025,  0.005 ,  0.0075,
        0.01  ]), 'y': array([1.13128403e-04, 6.26493725e-05, 2.71864492e-05, 6.41103584e-06,
       7.64937791e-06, 2.90758578e-05, 6.39930048e-05, 1.12139877e-04]), 'a2': np.float64(1.1264701927685121)}","{'family': 'shear', 'x': array([-0.04, -0.03, -0.02, -0.01,  0.01,  0.02,  0.03,  0.04]), 'y': array([0.00180488, 0.00100218, 0.00044142, 0.00011004, 0.00010853,
       0.0004378 , 0.00099492, 0.00179199]), 'a2': np.float64(1.1267864748180885)}",1.5490718586810819,2.2529403855370242,1.197137595253111,0.5633932374090442,0.5491965005022091,0.5486388136364377,0.5489176570693235,2.8220477857309074,248.1886715918031,360.96084137635586,191.80258669952673,90.26554732935946,87.9909793329815,87.90162804717488,87.9463036900782,True,True,True,True,success
W,Ta,0.45,0.453125,62,3.2285,-1600.6041377832003,2171.7676940651486,3511.484375,"{'family': 'hydrostatic', 'x': array([-0.01  , -0.0075, -0.005 , -0.0025,  0.0025,  0.005 ,  0.0075,
        0.01  ]), 'y': array([7.22759148e-04, 4.02892705e-04, 1.77132845e-04, 4.35330905e-05,
       4.41406622e-05, 1.73185328e-04, 3.84164369e-04, 6.74469643e-04]), 'a2': np.float64(6.983589043404306)}","{'family': 'normal', 'x': array([-0.01  , -0.0075, -0.005 , -0.0025,  0.0025,  0.005 ,  0.0075,
        0.01  ]), 'y': array([1.17956924e-04, 6.62299933e-05, 2.95514838e-05, 7.58318276e-06,
       6.49973146e-06, 2.67833364e-05, 6.05737229e-05, 1.07599813e-04]), 'a2': np.float64(1.127892728143587)}","{'family': 'shear', 'x': array([-0.04, -0.03, -0.02, -0.01,  0.01,  0.02,  0.03,  0.04]), 'y': array([0.00182046, 0.00100779, 0.00044126, 0.00010799, 0.00011438,
       0.00045264, 0.00102059, 0.00182912]), 'a2': np.float64(1.1430242217334399)}",1.551908676312068,2.255785456287174,1.199970286324515,0.5715121108667199,0.5540703005125638,0.5532335431482968,0.5536519218304303,2.8030403492167024,248.643179880387,361.4166719603971,192.256433840382,91.56633425347162,88.771848176086,88.63778486745491,88.70481652177045,True,True,True,True,success
W,Ta,0.5,0.5,42,3.235,-1593.4302492088175,2186.1664368811175,3492.5,"{'family': 'hydrostatic', 'x': array([-0.01  , -0.0075, -0.005 , -0.0025,  0.0025,  0.005 ,  0.0075,
        0.01  ]), 'y': array([7.01993587e-04, 3.91596797e-04, 1.72261478e-04, 4.23415375e-05,
       4.31016934e-05, 1.69111562e-04, 3.75261106e-04, 6.59116491e-04]), 'a2': np.float64(6.802812947394765)}","{'family': 'normal', 'x': array([-0.01  , -0.0075, -0.005 , -0.0025,  0.0025,  0.005 ,  0.0075,
        0.01  ]), 'y': array([1.06031109e-04, 5.83259963e-05, 2.49578919e-05, 5.61649465e-06,
       7.82809733e-06, 2.88335507e-05, 6.27606468e-05, 1.09354914e-04]), 'a2': np.float64(1.077055046007857)}","{'family': 'shear', 'x': array([-0.04, -0.03, -0.02, -0.01,  0.01,  0.02,  0.03,  0.04]), 'y': array([0.00173509, 0.00096672, 0.00042733, 0.00010711, 0.00010403,
       0.00042158, 0.00095924, 0.00172719]), 'a2': np.float64(1.084294147017398)}",1.5117362105321699,2.154110092015714,1.1905492697903977,0.542147073508699,0.5180004085502826,0.5162717164436793,0.517136062496981,2.9232852244586893,242.20684133314293,345.12648280569135,190.74702059686868,86.86153662107765,82.99281441441113,82.71584740663499,82.85433091052306,True,True,True,True,success
W,Ta,0.5,0.5,52,3.235,-1593.2805013604698,2185.537633373874,3492.5,"{'family': 'hydrostatic', 'x': array([-0.01  , -0.0075, -0.005 , -0.0025,  0.0025,  0.005 ,  0.0075,
        0.01  ]), 'y': array([7.11123878e-04, 3.98287502e-04, 1.76634615e-04, 4.44807739e-05,
       4.10392761e-05, 1.65056685e-04, 3.69278158e-04, 6.51228722e-04]), 'a2': np.float64(6.809020594145067)}","{'family': 'normal', 'x': array([-0.01  , -0.0075, -0.005 , -0.0025,  0.0025,  0.005 ,  0.0075,
        0.01  ]), 'y': array([1.16001749e-04, 6.58831499e-05, 3.00386225e-05, 8.16972977e-06,
       5.25148681e-06, 2.36774458e-05, 5.50234098e-05, 9.90611461e-05]), 'a2': np.float64(1.07544204744539)}","{'family': 'shear', 'x': array([-0.04, -0.03, -0.02, -0.01,  0.01,  0.02,  0.03,  0.04]), 'y': array([0.0017593 , 0.00098294, 0.00043577, 0.00010964, 0.00010552,
       0.0004283 , 0.00097444, 0.00175392]), 'a2': np.float64(1.0998328444030414)}",1.5131156875877927,2.15088409489078,1.1942314839362989,0.5499164222015207,0.5212803755118086,0.5188540912921513,0.52006723340198,2.9094616818865173,242.4278579218878,344.6096210884577,191.33697633860288,88.10632350452585,83.51832305268645,83.12958946747136,83.32395626007892,True,True,True,True,success
W,Ta,0.5,0.5,62,3.235,-1593.3008357403655,2185.6234443378203,3492.5,"{'family': 'hydrostatic', 'x': array([-0.01  , -0.0075, -0.005 , -0.0025,  0.0025,  0.005 ,  0.0075,
        0.01  ]), 'y': array([6.90687609e-04, 3.83840021e-04, 1.67565478e-04, 4.02110766e-05,
       4.48513804e-05, 1.72333690e-04, 3.79787177e-04, 6.64883811e-04]), 'a2': np.float64(6.775345616466926)}","{'family': 'normal', 'x': array([-0.01  , -0.0075, -0.005 , -0.0025,  0.0025,  0.005 ,  0.0075,
        0.01  ]), 'y': array([1.04145897e-04, 5.71360350e-05, 2.43081383e-05, 5.35710721e-06,
       7.95791107e-06, 2.89820878e-05, 6.28221088e-05, 1.09245171e-04]), 'a2': np.float64(1.0670994657747752)}","{'family': 'shear', 'x': array([-0.04, -0.03, -0.02, -0.01,  0.01,  0.02,  0.03,  0.04]), 'y': array([0.00171572, 0.00095349, 0.00041976, 0.00010419, 0.00010498,
       0.00042157, 0.00095609, 0.00171819]), 'a2': np.float64(1.07551488882511)}",1.5056323592148724,2.1341989315495504,1.1913490730475333,0.537757444412555,0.5112244383479364,0.5091037760563147,0.5101641072021256,2.951270655774192,241.2288965454016,341.9363632265029,190.87516320485094,86.15824050989512,81.90718431026747,81.56741675584263,81.73730053305505,True,True,True,True,success
W,Ta,0.55,0.546875,42,3.2415,-1585.7056613046664,2199.3689739797974,3473.515625,"{'family': 'hydrostatic', 'x': array([-0.01  , -0.0075, -0.005 , -0.0025,  0.0025,  0.005 ,  0.0075,
        0.01  ]), 'y': array([6.90325682e-04, 3.86441955e-04, 1.71121439e-04, 4.28594264e-05,
       4.05980083e-05, 1.62314634e-04, 3.62550481e-04, 6.38903718e-04]), 'a2': np.float64(6.6433730037292875)}","{'family': 'normal', 'x': array([-0.01  , -0.0075, -0.005 , -0.0025,  0.0025,  0.005 ,  0.0075,
        0.01  ]), 'y': array([1.04005989e-04, 5.76968975e-05, 2.51236841e-05, 5.98662623e-06,
       6.90006329e-06, 2.64267376e-05, 5.83420419e-05, 1.02413895e-04]), 'a2': np.float64(1.0322092831933471)}","{'family': 'shear', 'x': array([-0.04, -0.03, -0.02, -0.01,  0.01,  0.02,  0.03,  0.04]), 'y': array([0.00164736, 0.00091599, 0.00040325, 0.0001001 , 0.00010021,
       0.00040261, 0.00091309, 0.00164059]), 'a2': np.float64(1.0297912964970715)}",1.4763051119398416,2.0644185663866943,1.1822483847164154,0.5148956482485357,0.48537142528317717,0.48259307055406414,0.48398224791862066,3.050329052953354,236.5301535517541,330.7563162610214,189.41707219712046,82.49537697754644,77.76507499930804,77.31993350018064,77.54250424974434,True,True,True,True,success
W,Ta,0.55,0.546875,52,3.2415,-1586.0479240590169,2200.2623239213417,3473.515625,"{'family': 'hydrostatic', 'x': array([-0.01  , -0.0075, -0.005 , -0.0025,  0.0025,  0.005 ,  0.0075,
        0.01  ]), 'y': array([6.79931278e-04, 3.78914604e-04, 1.66221837e-04, 4.04474906e-05,
       4.29616800e-05, 1.66995010e-04, 3.69502613e-04, 6.48172757e-04]), 'a2': np.float64(6.637576150706609)}","{'family': 'normal', 'x': array([-0.01  , -0.0075, -0.005 , -0.0025,  0.0025,  0.005 ,  0.0075,
        0.01  ]), 'y': array([1.08755103e-04, 6.13823258e-05, 2.76469472e-05, 7.27083787e-06,
       5.58818402e-06, 2.38015145e-05, 5.44161774e-05, 9.72209639e-05]), 'a2': np.float64(1.029978955410755)}","{'family': 'shear', 'x': array([-0.04, -0.03, -0.02, -0.01,  0.01,  0.02,  0.03,  0.04]), 'y': array([1.68562712e-03, 9.43785433e-04, 4.20310201e-04, 1.07578749e-04,
       9.53318043e-05, 3.95241974e-04, 9.04376446e-04, 1.62999873e-03]), 'a2': np.float64(1.0380508267305184)}",1.4750169223792464,2.05995791082151,1.1825464281581144,0.5190254133652592,0.48689754455183465,0.4836091218513786,0.48525333320160663,3.0396842668702,236.32376283203968,330.04164045502347,189.46482402054775,83.15703828948742,78.00958626058758,77.48272286358971,77.74615456208865,True,True,True,True,success
W,Ta,0.55,0.546875,62,3.2415,-1586.178615386541,2201.5182557093813,3473.515625,"{'family': 'hydrostatic', 'x': array([-0.01  , -0.0075, -0.005 , -0.0025,  0.0025,  0.005 ,  0.0075,
        0.01  ]), 'y': array([6.74644129e-04, 3.74954599e-04, 1.63594414e-04, 3.91482934e-05,
       4.41980754e-05, 1.69384334e-04, 3.72979716e-04, 6.52745970e-04]), 'a2': np.float64(6.634133522473439)}","{'family': 'normal', 'x': array([-0.01  , -0.0075, -0.005 , -0.0025,  0.0025,  0.005 ,  0.0075,
        0.01  ]), 'y': array([1.00889076e-04, 5.54489738e-05, 2.36694278e-05, 5.27628097e-06,
       7.59732679e-06, 2.78305896e-05, 6.04734822e-05, 1.05310563e-04]), 'a2': np.float64(1.0311020769694903)}","{'family': 'shear', 'x': array([-0.04, -0.03, -0.02, -0.01,  0.01,  0.02,  0.03,  0.04]), 'y': array([1.65819544e-03, 9.25921371e-04, 4.09860246e-04, 1.02789794e-04,
       9.96787953e-05, 4.03743889e-04, 9.17418434e-04, 1.64852668e-03]), 'a2': np.float64(1.0352126894581803)}",1.4742518938829865,2.0622041539389806,1.1802757638549897,0.5176063447290902,0.48694948485425227,0.48396029560712095,0.4854548902306866,3.036846313737671,236.20119175494435,330.4015282757679,189.1010234945326,82.92967843026936,78.01790801440866,77.53898710171862,77.77844755806363,True,True,True,True,success
W,Ta,0.6,0.6015625,42,3.2479999999999998,-1577.687028049275,2217.5584762956814,3451.3671875,"{'family': 'hydrostatic', 'x': array([-0.01  , -0.0075, -0.005 , -0.0025,  0.0025,  0.005 ,  0.0075,
        0.01  ]), 'y': array([6.67399933e-04, 3.72839386e-04, 1.64300202e-04, 4.05099443e-05,
       4.09560702e-05, 1.61112988e-04, 3.57921898e-04, 6.29098549e-04]), 'a2': np.float64(6.479320166120206)}","{'family': 'normal', 'x': array([-0.01  , -0.0075, -0.005 , -0.0025,  0.0025,  0.005 ,  0.0075,
        0.01  ]), 'y': array([1.00188921e-04, 5.57929689e-05, 2.44645585e-05, 5.95025761e-06,
       6.37611200e-06, 2.48565634e-05, 5.52222307e-05, 9.72690604e-05]), 'a2': np.float64(0.9873924399525772)}","{'family': 'shear', 'x': array([-0.04, -0.03, -0.02, -0.01,  0.01,  0.02,  0.03,  0.04]), 'y': array([1.59364992e-03, 8.88941254e-04, 3.91874473e-04, 9.69766536e-05,
       9.91453977e-05, 3.96094539e-04, 8.95057738e-04, 1.60130118e-03]), 'a2': np.float64(1.0000154255405973)}",1.4398489258044902,1.9747848799051544,1.1723809487541579,0.5000077127702987,0.4604854138923785,0.4551691235224818,0.4578272687074302,3.144961045831918,230.6892286407948,316.3954165693374,187.83613467652347,80.11006676202541,73.77789643577803,72.92613282177477,73.3520146287764,True,True,True,True,success
W,Ta,0.6,0.6015625,52,3.2479999999999998,-1577.5432148749792,2216.6519111726707,3451.3671875,"{'family': 'hydrostatic', 'x': array([-0.01  , -0.0075, -0.005 , -0.0025,  0.0025,  0.005 ,  0.0075,
        0.01  ]), 'y': array([6.71477642e-04, 3.76285077e-04, 1.66837667e-04, 4.18843394e-05,
       3.94372963e-05, 1.58002529e-04, 3.53180967e-04, 6.22695497e-04]), 'a2': np.float64(6.467683364774165)}","{'family': 'normal', 'x': array([-0.01  , -0.0075, -0.005 , -0.0025,  0.0025,  0.005 ,  0.0075,
        0.01  ]), 'y': array([9.87064631e-05, 5.47280636e-05, 2.37937755e-05, 5.63253837e-06,
       6.66076178e-06, 2.53919757e-05, 5.59785993e-05, 9.82180263e-05]), 'a2': np.float64(0.9847203562379574)}","{'family': 'shear', 'x': array([-0.04, -0.03, -0.02, -0.01,  0.01,  0.02,  0.03,  0.04]), 'y': array([1.60412897e-03, 8.96876213e-04, 3.96806422e-04, 9.91257189e-05,
       9.78575818e-05, 3.94118547e-04, 8.92263021e-04, 1.59691418e-03]), 'a2': np.float64(1.0017033637190411)}",1.4372629699498143,1.9694407124759148,1.171174098686764,0.5008516818595206,0.4601643318735425,0.45451841544266286,0.4573413736581027,3.1426480365283487,230.27491283951653,315.5391865580605,187.64277598024452,80.24528551636833,73.72645342538421,72.8218778945296,73.2741656599569,True,True,True,True,success
W,Ta,0.6,0.6015625,62,3.2479999999999998,-1577.2695855191769,2217.239065338181,3451.3671875,"{'family': 'hydrostatic', 'x': array([-0.01  , -0.0075, -0.005 , -0.0025,  0.0025,  0.005 ,  0.0075,
        0.01  ]), 'y': array([6.61754057e-04, 3.68685275e-04, 1.61616586e-04, 3.92159606e-05,
       4.21376951e-05, 1.63395915e-04, 3.61239592e-04, 6.33335217e-04]), 'a2': np.float64(6.4724363517300585)}","{'family': 'normal', 'x': array([-0.01  , -0.0075, -0.005 , -0.0025,  0.0025,  0.005 ,  0.0075,
        0.01  ]), 'y': array([9.73744224e-05, 5.37233760e-05, 2.31159324e-05, 5.29410896e-06,
       6.99356404e-06, 2.60561434e-05, 5.69671295e-05, 9.95241990e-05]), 'a2': np.float64(0.98462133387661)}","{'family': 'shear', 'x': array([-0.04, -0.03, -0.02, -0.01,  0.01,  0.02,  0.03,  0.04]), 'y': array([1.56750512e-03, 8.69243306e-04, 3.78956447e-04, 9.07026860e-05,
       1.04680633e-04, 4.05889937e-04, 9.07438890e-04, 1.61453840e-03]), 'a2': np.float64(0.9959472594122015)}",1.4383191892733462,1.96924266775322,1.1728574500334092,0.49797362970610076,0.45806122136762256,0.45260704847467875,0.45533413492115066,3.158821355491868,230.44413783017654,315.5074562956031,187.91247859746323,79.7841707290031,73.38949797702982,72.51564314754226,72.95257056228604,True,True,True,True,success
W,Ta,0.65,0.6484375,42,3.2545,-1569.7436976608865,2230.9150373875896,3432.3828125,"{'family': 'hydrostatic', 'x': array([-0.01  , -0.0075, -0.005 , -0.0025,  0.0025,  0.005 ,  0.0075,
        0.01  ]), 'y': array([6.59080465e-04, 3.69531091e-04, 1.64024789e-04, 4.13143043e-05,
       3.83683554e-05, 1.54300375e-04, 3.45357475e-04, 6.09205739e-04]), 'a2': np.float64(6.338412538075412)}","{'family': 'normal', 'x': array([-0.01  , -0.0075, -0.005 , -0.0025,  0.0025,  0.005 ,  0.0075,
        0.01  ]), 'y': array([1.01692760e-04, 5.76743463e-05, 2.62193482e-05, 7.07022412e-06,
       4.78227200e-06, 2.12082772e-05, 4.90790995e-05, 8.82025525e-05]), 'a2': np.float64(0.9495828897820824)}","{'family': 'shear', 'x': array([-0.04, -0.03, -0.02, -0.01,  0.01,  0.02,  0.03,  0.04]), 'y': array([1.55897026e-03, 8.73788266e-04, 3.87712021e-04, 9.74601301e-05,
       9.35774664e-05, 3.78547780e-04, 8.56708294e-04, 1.53074574e-03]), 'a2': np.float64(0.9664603552564479)}",1.4085361195723136,1.8991657795641648,1.163221289576388,0.48323017762822396,0.43712700457448966,0.4294273109692364,0.43327715777186304,3.25088940025304,225.67236403311142,304.2799011041111,186.36859549761155,77.42200930609717,70.0354667049582,68.8018397967922,69.4186532508752,True,True,True,True,success
W,Ta,0.65,0.6484375,52,3.2545,-1569.9134982105181,2231.238909186145,3432.3828125,"{'family': 'hydrostatic', 'x': array([-0.01  , -0.0075, -0.005 , -0.0025,  0.0025,  0.005 ,  0.0075,
        0.01  ]), 'y': array([6.50144812e-04, 3.62850239e-04, 1.59564300e-04, 3.90727659e-05,
       4.06250510e-05, 1.58762137e-04, 3.51921787e-04, 6.17797031e-04]), 'a2': np.float64(6.336425027426557)}","{'family': 'normal', 'x': array([-0.01  , -0.0075, -0.005 , -0.0025,  0.0025,  0.005 ,  0.0075,
        0.01  ]), 'y': array([9.15532303e-05, 5.01113812e-05, 2.12037162e-05, 4.57938353e-06,
       7.24447854e-06, 2.61025279e-05, 5.63674303e-05, 9.78506002e-05]), 'a2': np.float64(0.9471155462933826)}","{'family': 'shear', 'x': array([-0.04, -0.03, -0.02, -0.01,  0.01,  0.02,  0.03,  0.04]), 'y': array([1.53675527e-03, 8.62304948e-04, 3.82992045e-04, 9.62196270e-05,
       9.41052349e-05, 3.80823256e-04, 8.63732814e-04, 1.54585413e-03]), 'a2': np.float64(0.9643709837181446)}",1.408094450539235,1.8942310925867651,1.16502612951547,0.4821854918590723,0.4351522877297024,0.4270913164593137,0.431121802094508,3.2661174723670334,225.60160085321843,303.4892770934955,186.6577627330799,77.25463219455543,69.71908218881639,68.42757221778066,69.07332720329852,True,True,True,True,success
W,Ta,0.65,0.6484375,62,3.2545,-1569.9178035421585,2231.363956514876,3432.3828125,"{'family': 'hydrostatic', 'x': array([-0.01  , -0.0075, -0.005 , -0.0025,  0.0025,  0.005 ,  0.0075,
        0.01  ]), 'y': array([6.48433136e-04, 3.61656605e-04, 1.58820939e-04, 3.87300316e-05,
       4.09158427e-05, 1.59320181e-04, 3.52753104e-04, 6.18939510e-04]), 'a2': np.float64(6.333699192727716)}","{'family': 'normal', 'x': array([-0.01  , -0.0075, -0.005 , -0.0025,  0.0025,  0.005 ,  0.0075,
        0.01  ]), 'y': array([9.35651399e-05, 5.16595166e-05, 2.22552554e-05, 5.11558267e-06,
       6.69222213e-06, 2.49866831e-05, 5.46761063e-05, 9.55787971e-05]), 'a2': np.float64(0.9458166715168935)}","{'family': 'shear', 'x': array([-0.04, -0.03, -0.02, -0.01,  0.01,  0.02,  0.03,  0.04]), 'y': array([1.54267823e-03, 8.63755605e-04, 3.82035272e-04, 9.50177099e-05,
       9.55471716e-05, 3.82765358e-04, 8.64146287e-04, 1.54236802e-03]), 'a2': np.float64(0.9650880625670516)}",1.407488709495048,1.891633343033787,1.1654163927256782,0.4825440312835258,0.4347698088317372,0.4264375901321957,0.4306036994819664,3.2686405416124233,225.50455043929287,303.073071733448,186.72028979221528,77.31207654290489,69.65780231398948,68.32283371400966,68.99031801399957,True,True,True,True,success
W,Ta,0.7,0.703125,42,3.2609999999999997,-1560.9184448314013,2247.086534953419,3410.234375,"{'family': 'hydrostatic', 'x': array([-0.01  , -0.0075, -0.005 , -0.0025,  0.0025,  0.005 ,  0.0075,
        0.01  ]), 'y': array([6.47041464e-04, 3.63744490e-04, 1.62289992e-04, 4.14814758e-05,
       3.62488169e-05, 1.48231831e-04, 3.33602254e-04, 5.90134686e-04]), 'a2': np.float64(6.18291107492834)}","{'family': 'normal', 'x': array([-0.01  , -0.0075, -0.005 , -0.0025,  0.0025,  0.005 ,  0.0075,
        0.01  ]), 'y': array([9.61748584e-05, 5.43506158e-05, 2.45340853e-05, 6.49381157e-06,
       4.84572974e-06, 2.08321575e-05, 4.77668189e-05, 8.54783117e-05]), 'a2': np.float64(0.9083654142043526)}","{'family': 'shear', 'x': array([-0.04, -0.03, -0.02, -0.01,  0.01,  0.02,  0.03,  0.04]), 'y': array([1.48816988e-03, 8.35351205e-04, 3.70136993e-04, 9.21400908e-05,
       9.28031660e-05, 3.71738761e-04, 8.38475928e-04, 1.49335525e-03]), 'a2': np.float64(0.9323646507152575)}",1.3739802388729645,1.8167308284087051,1.1526049441050943,0.46618232535762877,0.4125345720752994,0.40134192898951876,0.40693825053240906,3.376385083179933,220.1359016163463,291.0723659563044,184.66766944636728,74.69064227181718,66.09532466507773,64.30206555737807,65.19869511122789,True,True,True,True,success
W,Ta,0.7,0.703125,52,3.2609999999999997,-1561.3894839058332,2248.520286015846,3410.234375,"{'family': 'hydrostatic', 'x': array([-0.01  , -0.0075, -0.005 , -0.0025,  0.0025,  0.005 ,  0.0075,
        0.01  ]), 'y': array([6.32218730e-04, 3.52563453e-04, 1.54788355e-04, 3.77073256e-05,
       4.00340213e-05, 1.55779750e-04, 3.44881181e-04, 6.05080535e-04]), 'a2': np.float64(6.183506099196573)}","{'family': 'normal', 'x': array([-0.01  , -0.0075, -0.005 , -0.0025,  0.0025,  0.005 ,  0.0075,
        0.01  ]), 'y': array([8.90752419e-05, 4.88752086e-05, 2.07961280e-05, 4.58330504e-06,
       6.82444857e-06, 2.48415254e-05, 5.38517219e-05, 9.36618665e-05]), 'a2': np.float64(0.9137820971704842)}","{'family': 'shear', 'x': array([-0.04, -0.03, -0.02, -0.01,  0.01,  0.02,  0.03,  0.04]), 'y': array([1.49476144e-03, 8.38571267e-04, 3.71495463e-04, 9.26367865e-05,
       9.22471241e-05, 3.70239000e-04, 8.35837330e-04, 1.49014328e-03]), 'a2': np.float64(0.9335460068048512)}",1.3741124664881275,1.8275641943409684,1.147386602561707,0.4667730034024256,0.4160993203973076,0.4062423524641295,0.41117083643071856,3.341950218105176,220.15708681571013,292.8080625184287,183.83159896435083,74.78527932719652,66.66646030713348,65.08719994968216,65.87683012840782,True,True,True,True,success
W,Ta,0.7,0.703125,62,3.2609999999999997,-1561.2511474764026,2247.3129233957134,3410.234375,"{'family': 'hydrostatic', 'x': array([-0.01  , -0.0075, -0.005 , -0.0025,  0.0025,  0.005 ,  0.0075,
        0.01  ]), 'y': array([6.44964688e-04, 3.62137453e-04, 1.61175851e-04, 4.08990942e-05,
       3.68696772e-05, 1.49495323e-04, 3.35529178e-04, 5.92688246e-04]), 'a2': np.float64(6.185242644801219)}","{'family': 'normal', 'x': array([-0.01  , -0.0075, -0.005 , -0.0025,  0.0025,  0.005 ,  0.0075,
        0.01  ]), 'y': array([9.25714432e-05, 5.16238886e-05, 2.27035946e-05, 5.57067479e-06,
       5.78436829e-06, 2.27211445e-05, 5.06175817e-05, 8.92958411e-05]), 'a2': np.float64(0.90942000329065)}","{'family': 'shear', 'x': array([-0.04, -0.03, -0.02, -0.01,  0.01,  0.02,  0.03,  0.04]), 'y': array([1.50276663e-03, 8.44176359e-04, 3.74770392e-04, 9.39582619e-05,
       9.18595970e-05, 3.70434701e-04, 8.36761436e-04, 1.49094578e-03]), 'a2': np.float64(0.9361212511745857)}",1.374498365511382,1.8188400065813,1.1523275449764232,0.46806062558729283,0.4141388676733511,0.40287445158592355,0.40850665962963734,3.364690227467865,220.21891465501494,291.41029355202767,184.62322520650858,74.99157914329828,66.3523611550828,64.54760274485882,65.4499819499708,True,True,True,True,success
W,Ta,0.75,0.75,42,3.2674999999999996,-1553.3410189472745,2262.126089141856,3391.25,"{'family': 'hydrostatic', 'x': array([-0.01  , -0.0075, -0.005 , -0.0025,  0.0025,  0.005 ,  0.0075,
        0.01  ]), 'y': array([6.21127728e-04, 3.47053976e-04, 1.52985203e-04, 3.77326816e-05,
       3.82384082e-05, 1.50544908e-04, 3.34683398e-04, 5.88364387e-04]), 'a2': np.float64(6.044726555907141)}","{'family': 'normal', 'x': array([-0.01  , -0.0075, -0.005 , -0.0025,  0.0025,  0.005 ,  0.0075,
        0.01  ]), 'y': array([9.28951940e-05, 5.24862261e-05, 2.36834349e-05, 6.25964076e-06,
       4.69731769e-06, 2.01701952e-05, 4.62280102e-05, 8.27065365e-05]), 'a2': np.float64(0.878125971251902)}","{'family': 'shear', 'x': array([-0.04, -0.03, -0.02, -0.01,  0.01,  0.02,  0.03,  0.04]), 'y': array([1.45749174e-03, 8.23369264e-04, 3.68090371e-04, 9.35540483e-05,
       8.67229531e-05, 3.53820956e-04, 8.01220369e-04, 1.42769700e-03]), 'a2': np.float64(0.901647231275202)}",1.3432725679793647,1.756251942503804,1.1367828807171452,0.450823615637601,0.3943879817398923,0.38134084786736433,0.3878644148036283,3.463252922182741,215.21599037785168,281.38258025141806,182.1326954410685,72.22990570790896,63.18792038681528,61.09753910091406,62.14272974386467,True,True,True,True,success
W,Ta,0.75,0.75,52,3.2674999999999996,-1553.4249119305503,2261.4623017897925,3391.25,"{'family': 'hydrostatic', 'x': array([-0.01  , -0.0075, -0.005 , -0.0025,  0.0025,  0.005 ,  0.0075,
        0.01  ]), 'y': array([6.25863967e-04, 3.50646674e-04, 1.55412386e-04, 3.89600998e-05,
       3.70552299e-05, 1.48300807e-04, 3.31519851e-04, 5.84367142e-04]), 'a2': np.float64(6.048445518751792)}","{'family': 'normal', 'x': array([-0.01  , -0.0075, -0.005 , -0.0025,  0.0025,  0.005 ,  0.0075,
        0.01  ]), 'y': array([9.18758306e-05, 5.18217687e-05, 2.33077547e-05, 6.10616757e-06,
       4.78994748e-06, 2.02880697e-05, 4.63219160e-05, 8.27224864e-05]), 'a2': np.float64(0.8731107523065439)}","{'family': 'shear', 'x': array([-0.04, -0.03, -0.02, -0.01,  0.01,  0.02,  0.03,  0.04]), 'y': array([1.44322209e-03, 8.12113461e-04, 3.60732706e-04, 9.03754207e-05,
       8.83466325e-05, 3.56008544e-04, 8.03766674e-04, 1.43027124e-03]), 'a2': np.float64(0.8983808445720017)}",1.3440990041670648,1.7462215046130878,1.1430377539440535,0.44919042228600087,0.3901510035054074,0.3756528733091506,0.382901938407279,3.5102956379849797,215.3484000517033,279.7755269429289,183.13483660609054,71.96823928739099,62.509081639802254,60.18622511522654,61.3476533775144,True,True,True,True,success
W,Ta,0.75,0.75,62,3.2674999999999996,-1553.3238072050788,2261.889090605982,3391.25,"{'family': 'hydrostatic', 'x': array([-0.01  , -0.0075, -0.005 , -0.0025,  0.0025,  0.005 ,  0.0075,
        0.01  ]), 'y': array([6.17606380e-04, 3.44480146e-04, 1.51313951e-04, 3.69168809e-05,
       3.90418449e-05, 1.52190328e-04, 3.37219615e-04, 5.91834310e-04]), 'a2': np.float64(6.044526392062798)}","{'family': 'normal', 'x': array([-0.01  , -0.0075, -0.005 , -0.0025,  0.0025,  0.005 ,  0.0075,
        0.01  ]), 'y': array([8.83630738e-05, 4.91259743e-05, 2.14732434e-05, 5.16834083e-06,
       5.76205430e-06, 2.22636365e-05, 4.93301535e-05, 8.67900500e-05]), 'a2': np.float64(0.875881609876583)}","{'family': 'shear', 'x': array([-0.04, -0.03, -0.02, -0.01,  0.01,  0.02,  0.03,  0.04]), 'y': array([1.43411693e-03, 8.06064115e-04, 3.56468823e-04, 8.76253662e-05,
       9.37413311e-05, 3.69811383e-04, 8.28163808e-04, 1.46669524e-03]), 'a2': np.float64(0.9064876400989174)}",1.3432280871250661,1.751763219753166,1.138960520811016,0.4532438200494587,0.3945068318181052,0.38033398239260147,0.3874204071053533,3.4671072109007284,215.20886375936865,280.66340758658555,182.48159184576016,72.6176652005325,63.20696226848457,60.93622146851849,62.07159186850153,True,True,True,True,success
W,Ta,0.8,0.796875,42,3.274,-1545.5969440739525,2275.793393841765,3372.265625,"{'family': 'hydrostatic', 'x': array([-0.01  , -0.0075, -0.005 , -0.0025,  0.0025,  0.005 ,  0.0075,
        0.01  ]), 'y': array([6.04501513e-04, 3.37557866e-04, 1.48653915e-04, 3.65495589e-05,
       3.75950396e-05, 1.47620473e-04, 3.27951497e-04, 5.76308308e-04]), 'a2': np.float64(5.901548696519938)}","{'family': 'normal', 'x': array([-0.01  , -0.0075, -0.005 , -0.0025,  0.0025,  0.005 ,  0.0075,
        0.01  ]), 'y': array([8.36624527e-05, 4.61641272e-05, 1.98695362e-05, 4.55170935e-06,
       6.01199818e-06, 2.24043013e-05, 4.90050602e-05, 8.56422022e-05]), 'a2': np.float64(0.8466485689234147)}","{'family': 'shear', 'x': array([-0.04, -0.03, -0.02, -0.01,  0.01,  0.02,  0.03,  0.04]), 'y': array([1.39031028e-03, 7.83632016e-04, 3.48049159e-04, 8.67211880e-05,
       8.72198896e-05, 3.48844600e-04, 7.84196461e-04, 1.38997896e-03]), 'a2': np.float64(0.868777369318846)}",1.3114552658933194,1.6932971378468293,1.1205343299165644,0.434388684659423,0.3751857723817068,0.35997247424826395,0.3675791233149854,3.56781760091829,210.1182966239324,271.2961086325745,179.52939061961135,69.59673949013911,60.1113872966761,57.673948237209856,58.89266776694298,True,True,True,True,success
W,Ta,0.8,0.796875,52,3.274,-1545.715266224386,2276.099541237099,3372.265625,"{'family': 'hydrostatic', 'x': array([-0.01  , -0.0075, -0.005 , -0.0025,  0.0025,  0.005 ,  0.0075,
        0.01  ]), 'y': array([6.08160429e-04, 3.40128272e-04, 1.50232487e-04, 3.72738692e-05,
       3.69904737e-05, 1.46516708e-04, 3.26454150e-04, 5.74509848e-04]), 'a2': np.float64(5.910840666845357)}","{'family': 'normal', 'x': array([-0.01  , -0.0075, -0.005 , -0.0025,  0.0025,  0.005 ,  0.0075,
        0.01  ]), 'y': array([8.84545766e-05, 4.97146526e-05, 2.22073640e-05, 5.70688872e-06,
       4.88558208e-06, 2.01824929e-05, 4.57111181e-05, 8.13052960e-05]), 'a2': np.float64(0.8489190781778232)}","{'family': 'shear', 'x': array([-0.04, -0.03, -0.02, -0.01,  0.01,  0.02,  0.03,  0.04]), 'y': array([1.39246967e-03, 7.84306855e-04, 3.47785317e-04, 8.60774826e-05,
       8.90831519e-05, 3.53435601e-04, 7.92321600e-04, 1.40293689e-03]), 'a2': np.float64(0.8733752372555516)}",1.3135201481878571,1.6978381563556464,1.1213611441039624,0.4366876186277758,0.3773079736270023,0.3620932521186872,0.3697006128728447,3.5529293229482173,210.4491272376336,272.02366000151915,179.66186085569083,69.96506931582489,60.45140141866061,58.01373430940007,59.23256786403033,True,True,True,True,success
W,Ta,0.8,0.796875,62,3.274,-1545.6194562256217,2275.6988796004944,3372.265625,"{'family': 'hydrostatic', 'x': array([-0.01  , -0.0075, -0.005 , -0.0025,  0.0025,  0.005 ,  0.0075,
        0.01  ]), 'y': array([6.18993292e-04, 3.48206809e-04, 1.55598706e-04, 3.99465330e-05,
       3.43565274e-05, 1.41290471e-04, 3.18682271e-04, 5.64216322e-04]), 'a2': np.float64(5.913509040082624)}","{'family': 'normal', 'x': array([-0.01  , -0.0075, -0.005 , -0.0025,  0.0025,  0.005 ,  0.0075,
        0.01  ]), 'y': array([9.13881281e-05, 5.19629409e-05, 2.37392701e-05, 6.48924121e-06,
       4.07770038e-06, 1.85433673e-05, 4.32185104e-05, 7.79475235e-05]), 'a2': np.float64(0.8467912339682863)}","{'family': 'shear', 'x': array([-0.04, -0.03, -0.02, -0.01,  0.01,  0.02,  0.03,  0.04]), 'y': array([1.39725748e-03, 7.89117858e-04, 3.51329554e-04, 8.78154488e-05,
       8.80277440e-05, 3.52196811e-04, 7.91335701e-04, 1.40175053e-03]), 'a2': np.float64(0.8742994350254376)}",1.314113120018361,1.6935824679365725,1.124378446059255,0.4371497175127188,0.3761306348830948,0.3599713414505662,0.36805098816683046,3.570464860218494,210.54413179799622,271.3418235524742,180.1452859207572,70.03910571882024,60.26277095763554,57.67376674301111,58.96826885032332,True,True,True,True,success
W,Ta,0.85,0.8515625,42,3.2805,-1536.6096073826347,2292.5868356393084,3350.1171875,"{'family': 'hydrostatic', 'x': array([-0.01  , -0.0075, -0.005 , -0.0025,  0.0025,  0.005 ,  0.0075,
        0.01  ]), 'y': array([5.86528398e-04, 3.27029184e-04, 1.43557747e-04, 3.49518468e-05,
       3.73255344e-05, 1.45242895e-04, 3.21651612e-04, 5.64176297e-04]), 'a2': np.float64(5.750949383120875)}","{'family': 'normal', 'x': array([-0.01  , -0.0075, -0.005 , -0.0025,  0.0025,  0.005 ,  0.0075,
        0.01  ]), 'y': array([8.11080835e-05, 4.48007634e-05, 1.93300893e-05, 4.46653567e-06,
       5.73281068e-06, 2.14716986e-05, 4.70536578e-05, 8.23092449e-05]), 'a2': np.float64(0.8171949852133952)}","{'family': 'shear', 'x': array([-0.04, -0.03, -0.02, -0.01,  0.01,  0.02,  0.03,  0.04]), 'y': array([1.36509560e-03, 7.75455913e-04, 3.47001641e-04, 8.73188504e-05,
       8.54401743e-05, 3.43138442e-04, 7.69745596e-04, 1.35779140e-03]), 'a2': np.float64(0.8497642550825546)}",1.277988751804639,1.6343899704267904,1.0997881424935634,0.4248821275412773,0.3618496421114118,0.34380835007104404,0.3528289960912279,3.6221194005103836,204.75636997867662,261.8581399887807,176.20548497362464,68.07362113423983,57.974703683575115,55.084170051964875,56.529436867769995,True,True,True,True,success
W,Ta,0.85,0.8515625,52,3.2805,-1537.0330471820325,2293.5511577363472,3350.1171875,"{'family': 'hydrostatic', 'x': array([-0.01  , -0.0075, -0.005 , -0.0025,  0.0025,  0.005 ,  0.0075,
        0.01  ]), 'y': array([5.84962391e-04, 3.25787622e-04, 1.42712470e-04, 3.45319154e-05,
       3.77354901e-05, 1.46055795e-04, 3.22845835e-04, 5.65759544e-04]), 'a2': np.float64(5.751106710259244)}","{'family': 'normal', 'x': array([-0.01  , -0.0075, -0.005 , -0.0025,  0.0025,  0.005 ,  0.0075,
        0.01  ]), 'y': array([8.36038027e-05, 4.65913616e-05, 2.04703275e-05, 5.00938523e-06,
       5.24894700e-06, 2.05702867e-05, 4.57937962e-05, 8.07526923e-05]), 'a2': np.float64(0.8218831845559036)}","{'family': 'shear', 'x': array([-0.04, -0.03, -0.02, -0.01,  0.01,  0.02,  0.03,  0.04]), 'y': array([1.38104208e-03, 7.83287288e-04, 3.50176918e-04, 8.82099121e-05,
       8.53102088e-05, 3.43057740e-04, 7.69287384e-04, 1.35704013e-03]), 'a2': np.float64(0.8545875468719243)}",1.2780237133909431,1.6437663691118072,1.0951523855305112,0.42729377343596214,0.3660990607778365,0.3493564057883638,0.35772773328310015,3.572615692000416,204.7619714422969,263.36040466482405,175.46275483103332,68.46000940125106,58.65553560750879,55.973066568083425,57.31430108779611,True,True,True,True,success
W,Ta,0.85,0.8515625,62,3.2805,-1536.6329404819978,2292.9355796227783,3350.1171875,"{'family': 'hydrostatic', 'x': array([-0.01  , -0.0075, -0.005 , -0.0025,  0.0025,  0.005 ,  0.0075,
        0.01  ]), 'y': array([5.84125826e-04, 3.25290779e-04, 1.42461035e-04, 3.44254421e-05,
       3.78393184e-05, 1.46232834e-04, 3.23086612e-04, 5.66034389e-04]), 'a2': np.float64(5.74807964665575)}","{'family': 'normal', 'x': array([-0.01  , -0.0075, -0.005 , -0.0025,  0.0025,  0.005 ,  0.0075,
        0.01  ]), 'y': array([7.90295550e-05, 4.32599430e-05, 1.83099407e-05, 3.96148745e-06,
       6.23545685e-06, 2.24763199e-05, 4.85546141e-05, 8.43046950e-05]), 'a2': np.float64(0.8167633553065122)}","{'family': 'shear', 'x': array([-0.04, -0.03, -0.02, -0.01,  0.01,  0.02,  0.03,  0.04]), 'y': array([1.34108568e-03, 7.57690275e-04, 3.36194876e-04, 8.27954723e-05,
       8.78983464e-05, 3.45939756e-04, 7.71031063e-04, 1.35680054e-03]), 'a2': np.float64(0.8421757292847123)}",1.2773510325901667,1.6335267106130245,1.099263193578738,0.42108786464235615,0.359505422192271,0.3421998241668781,0.35085262317957455,3.640705379410513,204.65419609707038,261.7198305196515,176.12137888577988,67.46571320325779,57.599118248729006,54.82645579220429,56.21278702046665,True,True,True,True,success
W,Ta,0.9,0.8984375,42,3.287,-1529.2023854397326,2307.6412512206307,3331.1328125,"{'family': 'hydrostatic', 'x': array([-0.01  , -0.0075, -0.005 , -0.0025,  0.0025,  0.005 ,  0.0075,
        0.01  ]), 'y': array([5.68960742e-04, 3.16612476e-04, 1.38462642e-04, 3.33260003e-05,
       3.70906335e-05, 1.42868467e-04, 3.15295544e-04, 5.52144804e-04]), 'a2': np.float64(5.60303390721578)}","{'family': 'normal', 'x': array([-0.01  , -0.0075, -0.005 , -0.0025,  0.0025,  0.005 ,  0.0075,
        0.01  ]), 'y': array([8.04850844e-05, 4.47813649e-05, 1.96131788e-05, 4.75654109e-06,
       5.15077547e-06, 2.00192116e-05, 4.44389551e-05, 7.82452700e-05]), 'a2': np.float64(0.7937535304984427)}","{'family': 'shear', 'x': array([-0.04, -0.03, -0.02, -0.01,  0.01,  0.02,  0.03,  0.04]), 'y': array([1.32854403e-03, 7.56423417e-04, 3.38263170e-04, 8.43758976e-05,
       8.61118006e-05, 3.41954036e-04, 7.62725617e-04, 1.33816844e-03]), 'a2': np.float64(0.8316608231785648)}",1.245118646047951,1.5875070609968853,1.073924438573484,0.4158304115892824,0.3522147714382497,0.33326878889348843,0.3427417801658691,3.6328184017874294,199.48999848201774,254.34666984841292,172.06166279882018,66.62337636659896,56.43102722987793,53.39554620074779,54.91328671531286,True,True,True,True,success
W,Ta,0.9,0.8984375,52,3.287,-1529.0783275120693,2307.1912853271433,3331.1328125,"{'family': 'hydrostatic', 'x': array([-0.01  , -0.0075, -0.005 , -0.0025,  0.0025,  0.005 ,  0.0075,
        0.01  ]), 'y': array([5.67275063e-04, 3.15352072e-04, 1.37639190e-04, 3.29370488e-05,
       3.74063755e-05, 1.43452027e-04, 3.16081361e-04, 5.53037875e-04]), 'a2': np.float64(5.599230145919317)}","{'family': 'normal', 'x': array([-0.01  , -0.0075, -0.005 , -0.0025,  0.0025,  0.005 ,  0.0075,
        0.01  ]), 'y': array([7.92045463e-05, 4.38318552e-05, 1.89853192e-05, 4.44737966e-06,
       5.45073016e-06, 2.06137005e-05, 4.53174889e-05, 7.94044223e-05]), 'a2': np.float64(0.7931571886961775)}","{'family': 'shear', 'x': array([-0.04, -0.03, -0.02, -0.01,  0.01,  0.02,  0.03,  0.04]), 'y': array([1.33437256e-03, 7.59922550e-04, 3.40092255e-04, 8.51966365e-05,
       8.48704088e-05, 3.38780029e-04, 7.56684168e-04, 1.32813928e-03]), 'a2': np.float64(0.8304175165942467)}",1.2442733657598481,1.586314377392355,1.0732528599435949,0.41520875829712334,0.351737558468026,0.3328536433853376,0.3422956009266818,3.6350843025480946,199.3545696504556,254.15558086969392,171.95406404083644,66.5237765295049,56.35456928347443,53.32903255800885,54.84180092074164,True,True,True,True,success
W,Ta,0.9,0.8984375,62,3.287,-1529.231715045039,2307.703254386337,3331.1328125,"{'family': 'hydrostatic', 'x': array([-0.01  , -0.0075, -0.005 , -0.0025,  0.0025,  0.005 ,  0.0075,
        0.01  ]), 'y': array([5.68226252e-04, 3.16069015e-04, 1.38096454e-04, 3.31454511e-05,
       3.72860873e-05, 1.43339123e-04, 3.16110657e-04, 5.53276071e-04]), 'a2': np.float64(5.605091308546905)}","{'family': 'normal', 'x': array([-0.01  , -0.0075, -0.005 , -0.0025,  0.0025,  0.005 ,  0.0075,
        0.01  ]), 'y': array([7.80651679e-05, 4.29820440e-05, 1.84235118e-05, 4.16614347e-06,
       5.73179190e-06, 2.11778225e-05, 4.61700891e-05, 8.05477928e-05]), 'a2': np.float64(0.7931765057696556)}","{'family': 'shear', 'x': array([-0.04, -0.03, -0.02, -0.01,  0.01,  0.02,  0.03,  0.04]), 'y': array([1.33650513e-03, 7.61717249e-04, 3.41570214e-04, 8.59729090e-05,
       8.49612174e-05, 3.40328810e-04, 7.61195048e-04, 1.33748690e-03]), 'a2': np.float64(0.8339372971148451)}",1.2455758463437567,1.5863530115393112,1.0751872637459796,0.41696864855742255,0.35241433869311983,0.3328886831299352,0.3426515109115275,3.635109744679818,199.563250044514,254.1617707423957,172.2639896955732,66.8057420325274,56.46300142888094,53.334646543968155,54.898823986424546,True,True,True,True,success
W,Ta,0.95,0.953125,42,3.2935,-1520.0679751081295,2324.0895195294133,3308.984375,"{'family': 'hydrostatic', 'x': array([-0.01  , -0.0075, -0.005 , -0.0025,  0.0025,  0.005 ,  0.0075,
        0.01  ]), 'y': array([5.53625876e-04, 3.08442135e-04, 1.35202025e-04, 3.27697171e-05,
       3.53883720e-05, 1.37173115e-04, 3.03513754e-04, 5.32428800e-04]), 'a2': np.float64(5.4282530308065)}","{'family': 'normal', 'x': array([-0.01  , -0.0075, -0.005 , -0.0025,  0.0025,  0.005 ,  0.0075,
        0.01  ]), 'y': array([7.71191556e-05, 4.28063978e-05, 1.86648773e-05, 4.46832573e-06,
       5.05505420e-06, 1.94469994e-05, 4.30032877e-05, 7.55633782e-05]), 'a2': np.float64(0.7635488542541213)}","{'family': 'shear', 'x': array([-0.04, -0.03, -0.02, -0.01,  0.01,  0.02,  0.03,  0.04]), 'y': array([1.29438207e-03, 7.42532624e-04, 3.34397999e-04, 8.43504005e-05,
       8.33991246e-05, 3.32836273e-04, 7.40602811e-04, 1.29222643e-03]), 'a2': np.float64(0.8056272706237935)}",1.2062784512903333,1.5270977085082427,1.0458688226813786,0.40281363531189673,0.33793395835251083,0.3172656105422157,0.32759978444736326,3.6821710775092122,193.26711328322037,244.66802462491597,167.56665761237255,64.53785890361783,54.14298874467937,50.8315543794576,52.487271562068486,True,True,True,True,success
W,Ta,0.95,0.953125,52,3.2935,-1520.089173692598,2324.185088292803,3308.984375,"{'family': 'hydrostatic', 'x': array([-0.01  , -0.0075, -0.005 , -0.0025,  0.0025,  0.005 ,  0.0075,
        0.01  ]), 'y': array([5.53358934e-04, 3.08333985e-04, 1.35185117e-04, 3.27965425e-05,
       3.52836040e-05, 1.36900854e-04, 3.03039888e-04, 5.31762653e-04]), 'a2': np.float64(5.423734852163838)}","{'family': 'normal', 'x': array([-0.01  , -0.0075, -0.005 , -0.0025,  0.0025,  0.005 ,  0.0075,
        0.01  ]), 'y': array([7.84991208e-05, 4.38694054e-05, 1.93907298e-05, 4.83946231e-06,
       4.66863672e-06, 1.86591832e-05, 4.18025654e-05, 7.39452193e-05]), 'a2': np.float64(0.7623612450468756)}","{'family': 'shear', 'x': array([-0.04, -0.03, -0.02, -0.01,  0.01,  0.02,  0.03,  0.04]), 'y': array([1.29529264e-03, 7.42599456e-04, 3.33949029e-04, 8.38882101e-05,
       8.40680131e-05, 3.34205468e-04, 7.42803856e-04, 1.29533990e-03]), 'a2': np.float64(0.8069079605641766)}",1.205274411591964,1.5247224900937513,1.0455503723410704,0.4034539802820883,0.33790681171978915,0.31678604747559463,0.3273464295976919,3.6819537426244233,193.1062483901121,244.28747268361678,167.51563624335978,64.6404534776666,54.13863937465136,50.75471990610366,52.44667964037751,True,True,True,True,success
W,Ta,0.95,0.953125,62,3.2935,-1520.098747542367,2324.5118010412057,3308.984375,"{'family': 'hydrostatic', 'x': array([-0.01  , -0.0075, -0.005 , -0.0025,  0.0025,  0.005 ,  0.0075,
        0.01  ]), 'y': array([5.46642264e-04, 3.03281722e-04, 1.31820543e-04, 3.11262071e-05,
       3.69280240e-05, 1.40172379e-04, 3.07909529e-04, 5.38212198e-04]), 'a2': np.float64(5.422463299686891)}","{'family': 'normal', 'x': array([-0.01  , -0.0075, -0.005 , -0.0025,  0.0025,  0.005 ,  0.0075,
        0.01  ]), 'y': array([7.50705235e-05, 4.12916924e-05, 1.76710855e-05, 3.97948342e-06,
       5.53235111e-06, 2.03880019e-05, 4.43973913e-05, 7.74119392e-05]), 'a2': np.float64(0.7625431492789376)}","{'family': 'shear', 'x': array([-0.04, -0.03, -0.02, -0.01,  0.01,  0.02,  0.03,  0.04]), 'y': array([1.29167821e-03, 7.40848514e-04, 3.33479886e-04, 8.39461486e-05,
       8.36241032e-05, 3.33358417e-04, 7.41957720e-04, 1.29507151e-03]), 'a2': np.float64(0.805753536351842)}",1.2049918443748646,1.5250862985578753,1.0449446172833592,0.402876768175921,0.3377543971604558,0.3169106019280362,0.32733249954424604,3.6812471907085538,193.060976131208,244.34576122518365,167.41858358422016,64.5479739034922,54.11421987028802,50.7746757292755,52.44444779978176,True,True,True,True,success
W,Ta,1.0,1.0,42,3.3,-1512.1636412195128,2338.6627870469097,3290.0,"{'family': 'hydrostatic', 'x': array([-0.01  , -0.0075, -0.005 , -0.0025,  0.0025,  0.005 ,  0.0075,
        0.01  ]), 'y': array([5.28578045e-04, 2.92584095e-04, 1.26464561e-04, 2.93067359e-05,
       3.67981468e-05, 1.38004874e-04, 3.01562255e-04, 5.26432642e-04]), 'a2': np.float64(5.2734794407192345)}","{'family': 'normal', 'x': array([-0.01  , -0.0075, -0.005 , -0.0025,  0.0025,  0.005 ,  0.0075,
        0.01  ]), 'y': array([7.03888701e-05, 3.82031490e-05, 1.59155851e-05, 3.25214129e-06,
       5.90285894e-06, 2.08005246e-05, 4.45336378e-05, 7.69680450e-05]), 'a2': np.float64(0.7371318282341521)}","{'family': 'shear', 'x': array([-0.04, -0.03, -0.02, -0.01,  0.01,  0.02,  0.03,  0.04]), 'y': array([1.25595280e-03, 7.24036157e-04, 3.26577025e-04, 8.21393526e-05,
       8.21414561e-05, 3.26578040e-04, 7.24036592e-04, 1.25594969e-03]), 'a2': np.float64(0.7817601669048989)}",1.17188432015983,1.4742636564683043,1.0206946520055928,0.39088008345244946,0.3252418509640119,0.303141769202237,0.31419181008312447,3.7298372603976824,187.75656600421814,236.20307632886397,163.53331084189526,62.62589312438674,52.10948897202579,48.56866554037736,50.33907725620157,True,True,True,True,success
W,Ta,1.0,1.0,52,3.3,-1512.1636439336698,2338.6627828473383,3290.0,"{'family': 'hydrostatic', 'x': array([-0.01  , -0.0075, -0.005 , -0.0025,  0.0025,  0.005 ,  0.0075,
        0.01  ]), 'y': array([5.28577647e-04, 2.92585474e-04, 1.26466592e-04, 2.93080779e-05,
       3.67995613e-05, 1.38005273e-04, 3.01560079e-04, 5.26433948e-04]), 'a2': np.float64(5.2734671023758155)}","{'family': 'normal', 'x': array([-0.01  , -0.0075, -0.005 , -0.0025,  0.0025,  0.005 ,  0.0075,
        0.01  ]), 'y': array([7.03903572e-05, 3.82044184e-05, 1.59163830e-05, 3.25428108e-06,
       5.90576035e-06, 2.08025557e-05, 4.45353787e-05, 7.69719983e-05]), 'a2': np.float64(0.7371368451535069)}","{'family': 'shear', 'x': array([-0.04, -0.03, -0.02, -0.01,  0.01,  0.02,  0.03,  0.04]), 'y': array([1.25595237e-03, 7.24038987e-04, 3.26576626e-04, 8.21397154e-05,
       8.21422541e-05, 3.26579201e-04, 7.24039169e-04, 1.25595683e-03]), 'a2': np.float64(0.7817622972660888)}",1.1718815783057368,1.4742736903070137,1.0206855223050986,0.3908811486330444,0.3252463227802097,0.3031490015874155,0.3141976621838126,3.729759063643701,187.75612671076559,236.2046839270437,163.53184810262658,62.626063785131365,52.11020543596224,48.56982429622192,50.34001486609208,True,True,True,True,success
W,Ta,1.0,1.0,62,3.3,-1512.1636422373217,2338.662784384749,3290.0,"{'family': 'hydrostatic', 'x': array([-0.01  , -0.0075, -0.005 , -0.0025,  0.0025,  0.005 ,  0.0075,
        0.01  ]), 'y': array([5.28579133e-04, 2.92585618e-04, 1.26465722e-04, 2.93073525e-05,
       3.67983282e-05, 1.38003967e-04, 3.01558701e-04, 5.26432932e-04]), 'a2': np.float64(5.273481054860997)}","{'family': 'normal', 'x': array([-0.01  , -0.0075, -0.005 , -0.0025,  0.0025,  0.005 ,  0.0075,
        0.01  ]), 'y': array([7.03882899e-05, 3.82049262e-05, 1.59165643e-05, 3.25464375e-06,
       5.90474486e-06, 2.08023743e-05, 4.45335291e-05, 7.69721796e-05]), 'a2': np.float64(0.737128286667948)}","{'family': 'shear', 'x': array([-0.04, -0.03, -0.02, -0.01,  0.01,  0.02,  0.03,  0.04]), 'y': array([1.25595538e-03, 7.24036593e-04, 3.26574087e-04, 8.21407309e-05,
       8.21413111e-05, 3.26578838e-04, 7.24039349e-04, 1.25595447e-03]), 'a2': np.float64(0.7817627585299907)}",1.1718846788579993,1.474256573335896,1.0206987316190508,0.39088137926499533,0.3252403959023663,0.3031382477519664,0.31418932182716636,3.7298679409055344,187.75662347400024,236.20194148594933,163.5339644680257,62.62610073644334,52.10925584545074,48.56810134184787,50.338678593649306,True,True,True,True,success
W,Nb,0.0,0.0,42,3.17,-1658.14023745422,2061.803996826441,3695.0,"{'family': 'hydrostatic', 'x': array([-0.01  , -0.0075, -0.005 , -0.0025,  0.0025,  0.005 ,  0.0075,
        0.01  ]), 'y': array([9.12806321e-04, 5.10873207e-04, 2.27162694e-04, 5.81303771e-05,
       4.88361876e-05, 2.00457974e-04, 4.50650414e-04, 7.95684394e-04]), 'a2': np.float64(8.541086200225859)}","{'family': 'normal', 'x': array([-0.01  , -0.0075, -0.005 , -0.0025,  0.0025,  0.005 ,  0.0075,
        0.01  ]), 'y': array([1.72662864e-04, 9.74471065e-05, 4.38581419e-05, 1.15481117e-05,
       8.74845976e-06, 3.73532377e-05, 8.53899597e-05, 1.52368185e-04]), 'a2': np.float64(1.6253345545321414)}","{'family': 'shear', 'x': array([-0.04, -0.03, -0.02, -0.01,  0.01,  0.02,  0.03,  0.04]), 'y': array([0.00292183, 0.00162887, 0.00072093, 0.00018005, 0.00018004,
       0.00072093, 0.00162888, 0.00292183]), 'a2': np.float64(1.8283223508958177)}",1.8980191556057464,3.2506691090642827,1.2216941788764781,0.9141611754479089,0.9542916913063063,0.9518124279762843,0.9530520596412952,1.9915167659572688,304.0961916942084,520.8146048499559,195.73698511633464,146.46476629456865,152.89438372346547,152.49716194904866,152.69577283625705,True,True,True,True,success
W,Nb,0.0,0.0,52,3.17,-1658.1402401683767,2061.8040064267,3695.0,"{'family': 'hydrostatic', 'x': array([-0.01  , -0.0075, -0.005 , -0.0025,  0.0025,  0.005 ,  0.0075,
        0.01  ]), 'y': array([9.12808044e-04, 5.10872629e-04, 2.27164997e-04, 5.81329274e-05,
       4.88392316e-05, 2.00458467e-04, 4.50656006e-04, 7.95686118e-04]), 'a2': np.float64(8.541080420343292)}","{'family': 'normal', 'x': array([-0.01  , -0.0075, -0.005 , -0.0025,  0.0025,  0.005 ,  0.0075,
        0.01  ]), 'y': array([1.72663028e-04, 9.74475174e-05, 4.38601986e-05, 1.15496749e-05,
       8.74862427e-06, 3.73530730e-05, 8.53927567e-05, 1.52371064e-04]), 'a2': np.float64(1.6253425065862595)}","{'family': 'shear', 'x': array([-0.04, -0.03, -0.02, -0.01,  0.01,  0.02,  0.03,  0.04]), 'y': array([0.00292183, 0.00162887, 0.00072093, 0.00018005, 0.00018004,
       0.00072093, 0.00162888, 0.00292183]), 'a2': np.float64(1.8283215515228186)}",1.898017871187398,3.250685013172519,1.2216843001948376,0.9141607757614093,0.9542966080523818,0.9518167070599654,0.9530566575561736,1.9915058104250511,304.0959859077035,520.817152968995,195.73540237705777,146.4647022577321,152.89517147302672,152.49784753383187,152.6965095034293,True,True,True,True,success
W,Nb,0.0,0.0,62,3.17,-1658.1402427128992,2061.80400438521,3695.0,"{'family': 'hydrostatic', 'x': array([-0.01  , -0.0075, -0.005 , -0.0025,  0.0025,  0.005 ,  0.0075,
        0.01  ]), 'y': array([9.12811254e-04, 5.10872465e-04, 2.27164421e-04, 5.81329274e-05,
       4.88404658e-05, 2.00461758e-04, 4.50655266e-04, 7.95688752e-04]), 'a2': np.float64(8.541099511486008)}","{'family': 'normal', 'x': array([-0.01  , -0.0075, -0.005 , -0.0025,  0.0025,  0.005 ,  0.0075,
        0.01  ]), 'y': array([1.72665990e-04, 9.74494921e-05, 4.38622555e-05, 1.15499217e-05,
       8.75158618e-06, 3.73557881e-05, 8.53932504e-05, 1.52371311e-04]), 'a2': np.float64(1.6253384263378694)}","{'family': 'shear', 'x': array([-0.04, -0.03, -0.02, -0.01,  0.01,  0.02,  0.03,  0.04]), 'y': array([0.00292183, 0.00162887, 0.00072093, 0.00018005, 0.00018004,
       0.00072093, 0.00162888, 0.00292183]), 'a2': np.float64(1.8283226184428876)}",1.8980221136635573,3.250676852675739,1.2216947441574664,0.9141613092214438,0.9542932072365208,0.9518137787404093,0.9530534929884651,1.9915168745795986,304.0966656273152,520.8158455132794,195.737075684333,146.46478772745166,152.8946266022603,152.49737836531878,152.69600248378956,True,True,True,True,success
W,Nb,0.05,0.046875,42,3.1765,-1642.730105994362,2074.014387926646,3650.703125,"{'family': 'hydrostatic', 'x': array([-0.01  , -0.0075, -0.005 , -0.0025,  0.0025,  0.005 ,  0.0075,
        0.01  ]), 'y': array([8.85436725e-04, 4.93594632e-04, 2.17583033e-04, 5.41884602e-05,
       5.12693548e-05, 2.03969320e-04, 4.54052082e-04, 7.98086197e-04]), 'a2': np.float64(8.415817595663874)}","{'family': 'normal', 'x': array([-0.01  , -0.0075, -0.005 , -0.0025,  0.0025,  0.005 ,  0.0075,
        0.01  ]), 'y': array([1.66004756e-04, 9.28888128e-05, 4.11524339e-05, 1.03390640e-05,
       9.68408513e-06, 3.89374635e-05, 8.73248458e-05, 1.54396629e-04]), 'a2': np.float64(1.6020261387260355)}","{'family': 'shear', 'x': array([-0.04, -0.03, -0.02, -0.01,  0.01,  0.02,  0.03,  0.04]), 'y': array([0.00275039, 0.00152875, 0.00067477, 0.00016789, 0.00016966,
       0.00067834, 0.00153412, 0.00275744]), 'a2': np.float64(1.7240651505268894)}",1.8701816879253055,3.204052277452071,1.2032463931619226,0.8620325752634447,0.9173807220160966,0.9125184367329225,0.9149495793745095,2.044027048139445,299.63613770422063,513.3457650754704,192.78132401859574,138.11284384551075,146.98059451868136,146.20157053824525,146.5910825284633,True,True,True,True,success
W,Nb,0.05,0.046875,52,3.1765,-1642.710938956455,2074.2358188078683,3650.703125,"{'family': 'hydrostatic', 'x': array([-0.01  , -0.0075, -0.005 , -0.0025,  0.0025,  0.005 ,  0.0075,
        0.01  ]), 'y': array([8.78501233e-04, 4.88498944e-04, 2.14255329e-04, 5.25669934e-05,
       5.28079227e-05, 2.06954582e-04, 4.58394068e-04, 8.03764083e-04]), 'a2': np.float64(8.409564690487871)}","{'family': 'normal', 'x': array([-0.01  , -0.0075, -0.005 , -0.0025,  0.0025,  0.005 ,  0.0075,
        0.01  ]), 'y': array([1.64230197e-04, 9.15862530e-05, 4.02983275e-05, 9.92275389e-06,
       1.00815742e-05, 3.97172675e-05, 8.84632499e-05, 1.55878963e-04]), 'a2': np.float64(1.6005701664834722)}","{'family': 'shear', 'x': array([-0.04, -0.03, -0.02, -0.01,  0.01,  0.02,  0.03,  0.04]), 'y': array([0.00275008, 0.00152837, 0.00067439, 0.00016764, 0.00016998,
       0.00067897, 0.00153501, 0.00275853]), 'a2': np.float64(1.7243001572528949)}",1.868792153441749,3.2011403329669443,1.2026180636791515,0.8621500786264474,0.9169945010334271,0.9122170908655722,0.9146057959494996,2.0432760886909307,299.41350973788565,512.8792201379565,192.68065453785022,138.1316699596176,146.9187150957918,146.15328960790092,146.53600235184638,True,True,True,True,success
W,Nb,0.05,0.046875,62,3.1765,-1642.6587906693667,2074.129010023083,3650.703125,"{'family': 'hydrostatic', 'x': array([-0.01  , -0.0075, -0.005 , -0.0025,  0.0025,  0.005 ,  0.0075,
        0.01  ]), 'y': array([8.84898222e-04, 4.93234158e-04, 2.17372678e-04, 5.41067874e-05,
       5.13168199e-05, 2.04016280e-04, 4.54053161e-04, 7.98031297e-04]), 'a2': np.float64(8.412847807089918)}","{'family': 'normal', 'x': array([-0.01  , -0.0075, -0.005 , -0.0025,  0.0025,  0.005 ,  0.0075,
        0.01  ]), 'y': array([1.65817043e-04, 9.27789116e-05, 4.10981438e-05, 1.03209904e-05,
       9.68534926e-06, 3.89254974e-05, 8.72770823e-05, 1.54307456e-04]), 'a2': np.float64(1.6006314894787135)}","{'family': 'shear', 'x': array([-0.04, -0.03, -0.02, -0.01,  0.01,  0.02,  0.03,  0.04]), 'y': array([0.00275064, 0.00152946, 0.00067548, 0.00016833, 0.00016908,
       0.00067708, 0.00153209, 0.00275444]), 'a2': np.float64(1.72319380198797)}",1.8695217349088706,3.201262978957427,1.2036511128845926,0.861596900993985,0.9164805138109579,0.9116937677652507,0.9140871407881043,2.0452336013577583,299.53040157484475,512.8988701918151,192.84616726635957,138.0430411326295,146.8363652646688,146.06944400425493,146.45290463446187,True,True,True,True,success
W,Nb,0.1,0.1015625,42,3.1830000000000003,-1624.3157681604534,2088.016278402628,3599.0234375,"{'family': 'hydrostatic', 'x': array([-0.01  , -0.0075, -0.005 , -0.0025,  0.0025,  0.005 ,  0.0075,
        0.01  ]), 'y': array([8.49894758e-04, 4.70414680e-04, 2.04267933e-04, 4.85380489e-05,
       5.50062602e-05, 2.09586163e-04, 4.59874858e-04, 8.02947713e-04]), 'a2': np.float64(8.262367732447053)}","{'family': 'normal', 'x': array([-0.01  , -0.0075, -0.005 , -0.0025,  0.0025,  0.005 ,  0.0075,
        0.01  ]), 'y': array([1.56506965e-04, 8.64091326e-05, 3.72590058e-05, 8.60630007e-06,
       1.09824689e-05, 4.11112622e-05, 8.99416608e-05, 1.57036095e-04]), 'a2': np.float64(1.567763882906658)}","{'family': 'shear', 'x': array([-0.04, -0.03, -0.02, -0.01,  0.01,  0.02,  0.03,  0.04]), 'y': array([0.00256894, 0.00142458, 0.00062751, 0.0001558 , 0.00015812,
       0.00063222, 0.00143177, 0.00257871]), 'a2': np.float64(1.6120188939251041)}",1.8360817183215674,3.135527765813316,1.186358694575693,0.8060094469625521,0.873439482425056,0.8659212322013766,0.8696803573132164,2.1112144282457335,294.1727202973106,502.36692802553523,190.0756164331983,129.13694920673385,139.9404318425077,138.73587536873737,139.33815360562255,True,True,True,True,success
W,Nb,0.1,0.1015625,52,3.1830000000000003,-1624.3100769971802,2088.035278937823,3599.0234375,"{'family': 'hydrostatic', 'x': array([-0.01  , -0.0075, -0.005 , -0.0025,  0.0025,  0.005 ,  0.0075,
        0.01  ]), 'y': array([8.49260734e-04, 4.69968162e-04, 2.03982420e-04, 4.84096927e-05,
       5.51084893e-05, 2.09771232e-04, 4.60137917e-04, 8.03273984e-04]), 'a2': np.float64(8.260898143264887)}","{'family': 'normal', 'x': array([-0.01  , -0.0075, -0.005 , -0.0025,  0.0025,  0.005 ,  0.0075,
        0.01  ]), 'y': array([1.55867999e-04, 8.59368621e-05, 3.69475530e-05, 8.45113201e-06,
       1.11408302e-05, 4.14262264e-05, 9.04137483e-05, 1.57674360e-04]), 'a2': np.float64(1.5677395276519726)}","{'family': 'shear', 'x': array([-0.04, -0.03, -0.02, -0.01,  0.01,  0.02,  0.03,  0.04]), 'y': array([0.00258255, 0.00143438, 0.00063381, 0.00015889, 0.000155  ,
       0.00062584, 0.00142204, 0.00256563]), 'a2': np.float64(1.612216997847395)}",1.8357551429477528,3.135479055303945,1.1858931867696565,0.8061084989236975,0.8735822730610762,0.8660556323875384,0.8698189527243072,2.11050257895404,294.1203971544251,502.3591237416051,190.00103386083515,129.152819080373,139.9633094243778,138.75740865234732,139.36035903836253,True,True,True,True,success
W,Nb,0.1,0.1015625,62,3.1830000000000003,-1624.2936618600825,2086.8729098670797,3599.0234375,"{'family': 'hydrostatic', 'x': array([-0.01  , -0.0075, -0.005 , -0.0025,  0.0025,  0.005 ,  0.0075,
        0.01  ]), 'y': array([8.83139715e-04, 4.95065589e-04, 2.20496951e-04, 5.65383299e-05,
       4.72662106e-05, 1.94386595e-04, 4.37450049e-04, 7.73414664e-04]), 'a2': np.float64(8.280721709962544)}","{'family': 'normal', 'x': array([-0.01  , -0.0075, -0.005 , -0.0025,  0.0025,  0.005 ,  0.0075,
        0.01  ]), 'y': array([1.67848591e-04, 9.48606972e-05, 4.28587696e-05, 1.13879690e-05,
       8.24319345e-06, 3.56658803e-05, 8.18267557e-05, 1.46284677e-04]), 'a2': np.float64(1.5706822507743332)}","{'family': 'shear', 'x': array([-0.04, -0.03, -0.02, -0.01,  0.01,  0.02,  0.03,  0.04]), 'y': array([0.00258438, 0.00143455, 0.00063293, 0.00015786, 0.00015734,
       0.00063189, 0.00143309, 0.00258274]), 'a2': np.float64(1.6180769893880695)}",1.8401603799916764,3.1413645015486664,1.1895583192131813,0.8090384946940348,0.8757843332835179,0.868434108188168,0.872109220735843,2.1100113795827538,294.8261939345108,503.30207617923185,190.58825281215024,129.62225615260073,140.31611836497677,139.13848248443807,139.7273004247074,True,True,True,True,success
W,Nb,0.15,0.1484375,42,3.1895,-1607.9807677494048,2099.224750833822,3554.7265625,"{'family': 'hydrostatic', 'x': array([-0.01  , -0.0075, -0.005 , -0.0025,  0.0025,  0.005 ,  0.0075,
        0.01  ]), 'y': array([8.33287432e-04, 4.61297503e-04, 2.00304421e-04, 4.75716534e-05,
       5.40532076e-05, 2.05911104e-04, 4.51899495e-04, 7.89436638e-04]), 'a2': np.float64(8.112021188142702)}","{'family': 'normal', 'x': array([-0.01  , -0.0075, -0.005 , -0.0025,  0.0025,  0.005 ,  0.0075,
        0.01  ]), 'y': array([1.51756360e-04, 8.35780207e-05, 3.58563871e-05, 8.14563984e-06,
       1.09737693e-05, 4.06261787e-05, 8.85225200e-05, 1.54235357e-04]), 'a2': np.float64(1.5299939675894672)}","{'family': 'shear', 'x': array([-0.04, -0.03, -0.02, -0.01,  0.01,  0.02,  0.03,  0.04]), 'y': array([0.00244444, 0.00135644, 0.00059851, 0.00014951, 0.00014778,
       0.00059492, 0.00135067, 0.00243604]), 'a2': np.float64(1.5285010081164592)}",1.8026713751428227,3.0599879351789343,1.174013095124767,0.7642505040582296,0.8357452704457712,0.8269474310156926,0.8313463507307319,2.168375880351578,288.8197932239217,490.2641129673754,188.0976333521948,122.4464290036711,133.90115332523877,132.49158406039635,133.19636869281757,True,True,True,True,success
W,Nb,0.15,0.1484375,52,3.1895,-1608.2796366454547,2098.528602901263,3554.7265625,"{'family': 'hydrostatic', 'x': array([-0.01  , -0.0075, -0.005 , -0.0025,  0.0025,  0.005 ,  0.0075,
        0.01  ]), 'y': array([8.50021608e-04, 4.73291945e-04, 2.07934206e-04, 5.12125664e-05,
       5.07226651e-05, 1.99502941e-04, 4.42670146e-04, 7.77627572e-04]), 'a2': np.float64(8.136652494658938)}","{'family': 'normal', 'x': array([-0.01  , -0.0075, -0.005 , -0.0025,  0.0025,  0.005 ,  0.0075,
        0.01  ]), 'y': array([1.57248644e-04, 8.75659801e-05, 3.84262688e-05, 9.38778694e-06,
       9.81099922e-06, 3.83885592e-05, 8.52863892e-05, 1.50076225e-04]), 'a2': np.float64(1.5366796491123602)}","{'family': 'shear', 'x': array([-0.04, -0.03, -0.02, -0.01,  0.01,  0.02,  0.03,  0.04]), 'y': array([0.00243126, 0.0013458 , 0.00059131, 0.00014599, 0.00015115,
       0.00060189, 0.0013622 , 0.00245394]), 'a2': np.float64(1.530180438694296)}",1.8081449988130973,3.0733592982247204,1.1755378491072856,0.765090219347148,0.8386184214317758,0.8293543630978526,0.8339863922648142,2.168074941729937,289.6967644114788,492.4064414933942,188.34192587052112,122.58096622407444,134.36148285901928,132.87721709138538,133.6193499752023,True,True,True,True,success
W,Nb,0.15,0.1484375,62,3.1895,-1608.1424605181685,2099.5913333478557,3554.7265625,"{'family': 'hydrostatic', 'x': array([-0.01  , -0.0075, -0.005 , -0.0025,  0.0025,  0.005 ,  0.0075,
        0.01  ]), 'y': array([8.33370914e-04, 4.61311087e-04, 2.00301039e-04, 4.75797084e-05,
       5.39772765e-05, 2.05640768e-04, 4.51331023e-04, 7.88567375e-04]), 'a2': np.float64(8.108230630618758)}","{'family': 'normal', 'x': array([-0.01  , -0.0075, -0.005 , -0.0025,  0.0025,  0.005 ,  0.0075,
        0.01  ]), 'y': array([1.52510053e-04, 8.41551246e-05, 3.62565619e-05, 8.35545409e-06,
       1.07470838e-05, 4.01454295e-05, 8.77542238e-05, 1.53152933e-04]), 'a2': np.float64(1.5283261641952113)}","{'family': 'shear', 'x': array([-0.04, -0.03, -0.02, -0.01,  0.01,  0.02,  0.03,  0.04]), 'y': array([0.00243032, 0.00134685, 0.0005935 , 0.00014797, 0.00014714,
       0.00059176, 0.00134413, 0.00242665]), 'a2': np.float64(1.5214805892676084)}",1.8018290290263907,3.0566523283904226,1.1744173793443748,0.7607402946338042,0.8328911665894921,0.8239050646347348,0.8283981156121134,2.1750762043863383,288.6848344984848,489.7296898461019,188.16240682467622,121.88403145627848,133.44387547805223,132.0041432316485,132.72400935485035,True,True,True,True,success
W,Nb,0.2,0.203125,42,3.196,-1588.6689559693477,2112.1141356259886,3503.046875,"{'family': 'hydrostatic', 'x': array([-0.01  , -0.0075, -0.005 , -0.0025,  0.0025,  0.005 ,  0.0075,
        0.01  ]), 'y': array([8.14988641e-04, 4.51584239e-04, 1.96441240e-04, 4.69156276e-05,
       5.22589962e-05, 2.00009001e-04, 4.39805497e-04, 7.69456402e-04]), 'a2': np.float64(7.921027328192527)}","{'family': 'normal', 'x': array([-0.01  , -0.0075, -0.005 , -0.0025,  0.0025,  0.005 ,  0.0075,
        0.01  ]), 'y': array([1.47678886e-04, 8.14923144e-05, 3.51166859e-05, 8.09994603e-06,
       1.03715001e-05, 3.87787366e-05, 8.47984082e-05, 1.48010145e-04]), 'a2': np.float64(1.4785081974779992)}","{'family': 'shear', 'x': array([-0.04, -0.03, -0.02, -0.01,  0.01,  0.02,  0.03,  0.04]), 'y': array([0.00227686, 0.00126186, 0.00055598, 0.00013855, 0.00013798,
       0.00055482, 0.00126009, 0.00227438]), 'a2': np.float64(1.4257078838717079)}",1.7602282951538948,2.9570163949559984,1.161834245252843,0.7128539419358539,0.7867487951021435,0.7768049908560307,0.7817768929790871,2.251573704674566,282.0196621766212,473.76625353208,186.14636649889184,114.21179198147459,126.05105259552238,124.45787952702902,125.2544660612757,True,True,True,True,success
W,Nb,0.2,0.203125,52,3.196,-1588.8855284001966,2111.8752234894087,3503.046875,"{'family': 'hydrostatic', 'x': array([-0.01  , -0.0075, -0.005 , -0.0025,  0.0025,  0.005 ,  0.0075,
        0.01  ]), 'y': array([8.17460646e-04, 4.53448927e-04, 1.97689010e-04, 4.75490306e-05,
       5.15947227e-05, 1.98628563e-04, 4.37704087e-04, 7.66711938e-04]), 'a2': np.float64(7.91978330557378)}","{'family': 'normal', 'x': array([-0.01  , -0.0075, -0.005 , -0.0025,  0.0025,  0.005 ,  0.0075,
        0.01  ]), 'y': array([1.49278382e-04, 8.27036261e-05, 3.59237807e-05, 8.50577696e-06,
       9.97129310e-06, 3.79953835e-05, 8.36390022e-05, 1.46497516e-04]), 'a2': np.float64(1.478940179462399)}","{'family': 'shear', 'x': array([-0.04, -0.03, -0.02, -0.01,  0.01,  0.02,  0.03,  0.04]), 'y': array([0.00227449, 0.00125917, 0.00055398, 0.00013762, 0.00013857,
       0.00055578, 0.00126159, 0.00227711]), 'a2': np.float64(1.4259858010338424)}",1.7599518456830623,2.957880358924798,1.1609875890621943,0.7129929005169212,0.7871742942826735,0.7771601375976099,0.7821672159401417,2.250096667076045,281.97537008872115,473.90467581928243,186.01071722344057,114.23405560045914,126.11922507944385,124.51478030766017,125.31700269355201,True,True,True,True,success
W,Nb,0.2,0.203125,62,3.196,-1589.1890237465946,2111.7276572735623,3503.046875,"{'family': 'hydrostatic', 'x': array([-0.01  , -0.0075, -0.005 , -0.0025,  0.0025,  0.005 ,  0.0075,
        0.01  ]), 'y': array([8.14670316e-04, 4.51041197e-04, 1.95903476e-04, 4.65777913e-05,
       5.26922603e-05, 2.00955422e-04, 4.41446476e-04, 7.72170310e-04]), 'a2': np.float64(7.933404873718698)}","{'family': 'normal', 'x': array([-0.01  , -0.0075, -0.005 , -0.0025,  0.0025,  0.005 ,  0.0075,
        0.01  ]), 'y': array([1.48182510e-04, 8.17484995e-05, 3.52030008e-05, 8.10604741e-06,
       1.04428836e-05, 3.89914782e-05, 8.52244936e-05, 1.48718833e-04]), 'a2': np.float64(1.4845718910745764)}","{'family': 'shear', 'x': array([-0.04, -0.03, -0.02, -0.01,  0.01,  0.02,  0.03,  0.04]), 'y': array([0.00229186, 0.00127056, 0.00056059, 0.00014053, 0.00013608,
       0.00055119, 0.00125564, 0.00227112]), 'a2': np.float64(1.4296676147593896)}",1.7629788608263772,2.969143782149153,1.1598964001649892,0.7148338073796948,0.7907497608246497,0.7803180397371012,0.7855339002808754,2.2443065285864896,282.4603513780639,475.7092751553061,185.83588948944268,114.52900139411975,126.69207796964454,125.0207320055269,125.85640498758572,True,True,True,True,success
W,Nb,0.25,0.25,42,3.2024999999999997,-1572.0850433523271,2123.014896275998,3458.75,"{'family': 'hydrostatic', 'x': array([-0.01  , -0.0075, -0.005 , -0.0025,  0.0025,  0.005 ,  0.0075,
        0.01  ]), 'y': array([7.99855307e-04, 4.44270946e-04, 1.94226507e-04, 4.71205139e-05,
       4.95270661e-05, 1.92178998e-04, 4.24837229e-04, 7.45752728e-04]), 'a2': np.float64(7.727567149470863)}","{'family': 'normal', 'x': array([-0.01  , -0.0075, -0.005 , -0.0025,  0.0025,  0.005 ,  0.0075,
        0.01  ]), 'y': array([1.45143860e-04, 8.05973864e-05, 3.51843153e-05, 8.46426250e-06,
       9.35633721e-06, 3.61210956e-05, 7.98757044e-05, 1.40225683e-04]), 'a2': np.float64(1.4269444463522551)}","{'family': 'shear', 'x': array([-0.04, -0.03, -0.02, -0.01,  0.01,  0.02,  0.03,  0.04]), 'y': array([0.00214293, 0.00118748, 0.00052367, 0.00013116, 0.00012741,
       0.00051572, 0.00117458, 0.0021242 ]), 'a2': np.float64(1.3370209359282157)}",1.7172371443268584,2.8538888927045103,1.1489112701380322,0.6685104679641078,0.7421018052917603,0.7316722845061124,0.7368870448989364,2.3303939948657617,275.1317205009848,457.2434062251966,184.07587763887884,107.10718425321609,118.8978162691932,117.22682283230193,118.06231955074757,True,True,True,True,success
W,Nb,0.25,0.25,52,3.2024999999999997,-1572.0945317061487,2122.8025156269982,3458.75,"{'family': 'hydrostatic', 'x': array([-0.01  , -0.0075, -0.005 , -0.0025,  0.0025,  0.005 ,  0.0075,
        0.01  ]), 'y': array([7.99270233e-04, 4.43840005e-04, 1.93934287e-04, 4.69670847e-05,
       4.97102621e-05, 1.92562218e-04, 4.25405866e-04, 7.46474176e-04]), 'a2': np.float64(7.728096599516118)}","{'family': 'normal', 'x': array([-0.01  , -0.0075, -0.005 , -0.0025,  0.0025,  0.005 ,  0.0075,
        0.01  ]), 'y': array([1.48000249e-04, 8.27681155e-05, 3.66561960e-05, 9.20732070e-06,
       8.59800096e-06, 3.45847487e-05, 7.75493818e-05, 1.37094464e-04]), 'a2': np.float64(1.4255524999672262)}","{'family': 'shear', 'x': array([-0.04, -0.03, -0.02, -0.01,  0.01,  0.02,  0.03,  0.04]), 'y': array([0.00215171, 0.00119356, 0.00052739, 0.00013286, 0.0001259 ,
       0.00051271, 0.00116996, 0.00211781]), 'a2': np.float64(1.3377492615040405)}",1.7173547998924708,2.8511049999344524,1.15047969987148,0.6688746307520202,0.7414498384638067,0.7312912158596944,0.7363705271617506,2.332188397751066,275.1505710006379,456.7973774340965,184.32716778390858,107.16552956371196,118.79335966826477,117.16576890468085,117.97956428647281,True,True,True,True,success
W,Nb,0.25,0.25,62,3.2024999999999997,-1572.3547760267616,2123.246037994436,3458.75,"{'family': 'hydrostatic', 'x': array([-0.01  , -0.0075, -0.005 , -0.0025,  0.0025,  0.005 ,  0.0075,
        0.01  ]), 'y': array([7.91018072e-04, 4.37625687e-04, 1.89779030e-04, 4.48887758e-05,
       5.17797212e-05, 1.96703491e-04, 4.31665667e-04, 7.55038886e-04]), 'a2': np.float64(7.729852479469988)}","{'family': 'normal', 'x': array([-0.01  , -0.0075, -0.005 , -0.0025,  0.0025,  0.005 ,  0.0075,
        0.01  ]), 'y': array([1.42284069e-04, 7.84496877e-05, 3.37523382e-05, 7.75004660e-06,
       1.00671351e-05, 3.75289319e-05, 8.19672249e-05, 1.42985460e-04]), 'a2': np.float64(1.4264311554050864)}","{'family': 'shear', 'x': array([-0.04, -0.03, -0.02, -0.01,  0.01,  0.02,  0.03,  0.04]), 'y': array([0.00213798, 0.00118349, 0.00052097, 0.00012991, 0.00012837,
       0.00051751, 0.00117747, 0.00212878]), 'a2': np.float64(1.3370327372379922)}",1.7177449954377753,2.8528623108101727,1.1501863377515764,0.6685163686189961,0.7416450157831169,0.7313371228444053,0.7364910693137612,2.332336489888893,275.21308721866063,457.07892967415216,184.2801659909148,107.10812964234704,118.82463052205568,117.17312401444438,117.99887726825004,True,True,True,True,success
W,Nb,0.3,0.296875,42,3.2089999999999996,-1555.0704344673668,2133.7834451923845,3414.453125,"{'family': 'hydrostatic', 'x': array([-0.01  , -0.0075, -0.005 , -0.0025,  0.0025,  0.005 ,  0.0075,
        0.01  ]), 'y': array([7.82596915e-04, 4.35906746e-04, 1.91592794e-04, 4.72114020e-05,
       4.68240007e-05, 1.84392719e-04, 4.09842621e-04, 7.21779206e-04]), 'a2': np.float64(7.521638242833728)}","{'family': 'normal', 'x': array([-0.01  , -0.0075, -0.005 , -0.0025,  0.0025,  0.005 ,  0.0075,
        0.01  ]), 'y': array([1.43060984e-04, 8.01924249e-05, 3.56783233e-05, 9.08763292e-06,
       7.99077768e-06, 3.26651315e-05, 7.36295783e-05, 1.30514485e-04]), 'a2': np.float64(1.3680078976190302)}","{'family': 'shear', 'x': array([-0.04, -0.03, -0.02, -0.01,  0.01,  0.02,  0.03,  0.04]), 'y': array([0.00197852, 0.00109253, 0.00047805, 0.00011686, 0.00012524,
       0.00049551, 0.00112045, 0.00201883]), 'a2': np.float64(1.25255112671357)}",1.6714751650741617,2.7360157952380604,1.1392048499922125,0.626275563356785,0.6951275270632407,0.6853806212195367,0.6902540741413887,2.4215361092266203,267.79984317296424,438.35805412699403,182.52073769594938,100.34040657885902,111.37170723352435,109.8100807667322,110.59089400012829,True,True,True,True,success
W,Nb,0.3,0.296875,52,3.2089999999999996,-1554.880591648993,2134.378714167027,3414.453125,"{'family': 'hydrostatic', 'x': array([-0.01  , -0.0075, -0.005 , -0.0025,  0.0025,  0.005 ,  0.0075,
        0.01  ]), 'y': array([7.81784440e-04, 4.35336047e-04, 1.91256659e-04, 4.70735747e-05,
       4.68795307e-05, 1.84375746e-04, 4.09503198e-04, 7.20590676e-04]), 'a2': np.float64(7.511341863329374)}","{'family': 'normal', 'x': array([-0.01  , -0.0075, -0.005 , -0.0025,  0.0025,  0.005 ,  0.0075,
        0.01  ]), 'y': array([1.42762982e-04, 7.99669551e-05, 3.55223331e-05, 9.00713111e-06,
       8.08471671e-06, 3.28650468e-05, 7.39527433e-05, 1.30971481e-04]), 'a2': np.float64(1.3687873765609708)}","{'family': 'shear', 'x': array([-0.04, -0.03, -0.02, -0.01,  0.01,  0.02,  0.03,  0.04]), 'y': array([0.0020076 , 0.00111215, 0.00048955, 0.00012175, 0.00012207,
       0.00049037, 0.0011138 , 0.00201062]), 'a2': np.float64(1.2588872806603144)}",1.669187080739861,2.7375747531219417,1.1349932445488207,0.6294436403301572,0.6981824859127185,0.6885073444601848,0.6933449151864517,2.4074411511202753,267.43325165028074,438.60782671443064,181.84596411820576,100.84798846482218,111.86116559813829,110.31103705432005,111.08610132622917,True,True,True,True,success
W,Nb,0.3,0.296875,62,3.2089999999999996,-1555.191730994671,2134.0457345933214,3414.453125,"{'family': 'hydrostatic', 'x': array([-0.01  , -0.0075, -0.005 , -0.0025,  0.0025,  0.005 ,  0.0075,
        0.01  ]), 'y': array([7.77890799e-04, 4.32662888e-04, 1.89624926e-04, 4.63233821e-05,
       4.75654098e-05, 1.85769871e-04, 4.11820629e-04, 7.24409561e-04]), 'a2': np.float64(7.511391872287216)}","{'family': 'normal', 'x': array([-0.01  , -0.0075, -0.005 , -0.0025,  0.0025,  0.005 ,  0.0075,
        0.01  ]), 'y': array([1.38504694e-04, 7.67882360e-05, 3.34217941e-05, 7.96849229e-06,
       9.10436144e-06, 3.48754634e-05, 7.69256738e-05, 1.34878887e-04]), 'a2': np.float64(1.3670185132580435)}","{'family': 'shear', 'x': array([-0.04, -0.03, -0.02, -0.01,  0.01,  0.02,  0.03,  0.04]), 'y': array([0.00199911, 0.00110713, 0.00048762, 0.00012177, 0.00011965,
       0.00048358, 0.00110176, 0.0019932 ]), 'a2': np.float64(1.251143091727062)}",1.6691981938416036,2.734037026516087,1.1367787775043618,0.625571545863531,0.6947945773204636,0.6849403381049858,0.6898674577127246,2.4195925973604817,267.43503216546037,438.04102042856243,182.13203803390934,100.22761054202644,111.31836280414646,109.73953963546556,110.528951219806,True,True,True,True,success
W,Nb,0.35,0.3515625,42,3.2155,-1534.965352949181,2147.6778721167225,3362.7734375,"{'family': 'hydrostatic', 'x': array([-0.01  , -0.0075, -0.005 , -0.0025,  0.0025,  0.005 ,  0.0075,
        0.01  ]), 'y': array([7.38336570e-04, 4.08986395e-04, 1.77753362e-04, 4.22948099e-05,
       4.79491251e-05, 1.83132651e-04, 4.03048365e-04, 7.06656663e-04]), 'a2': np.float64(7.225307287048677)}","{'family': 'normal', 'x': array([-0.01  , -0.0075, -0.005 , -0.0025,  0.0025,  0.005 ,  0.0075,
        0.01  ]), 'y': array([1.28049462e-04, 7.05009861e-05, 3.02491290e-05, 6.87669050e-06,
       9.22669836e-06, 3.41876086e-05, 7.45310886e-05, 1.29915409e-04]), 'a2': np.float64(1.28995280821757)}","{'family': 'shear', 'x': array([-0.04, -0.03, -0.02, -0.01,  0.01,  0.02,  0.03,  0.04]), 'y': array([0.001826  , 0.00101116, 0.00044524, 0.00011118, 0.00010895,
       0.00044067, 0.00100437, 0.00181765]), 'a2': np.float64(1.1419713808583607)}",1.6056238415663726,2.57990561643514,1.118482954131989,0.5709856904291803,0.6348759467181384,0.6256936525408515,0.6302847996294949,2.547457661219529,257.2492980756725,413.34644625229936,179.20072398735914,91.48199240169791,101.71833989400679,100.24717418839109,100.98275704119892,True,True,True,True,success
W,Nb,0.35,0.3515625,52,3.2155,-1534.769142039799,2147.9864305508117,3362.7734375,"{'family': 'hydrostatic', 'x': array([-0.01  , -0.0075, -0.005 , -0.0025,  0.0025,  0.005 ,  0.0075,
        0.01  ]), 'y': array([7.44529859e-04, 4.13538731e-04, 1.80721570e-04, 4.37433936e-05,
       4.65617739e-05, 1.80409228e-04, 3.98988387e-04, 7.01162776e-04]), 'a2': np.float64(7.228673921705597)}","{'family': 'normal', 'x': array([-0.01  , -0.0075, -0.005 , -0.0025,  0.0025,  0.005 ,  0.0075,
        0.01  ]), 'y': array([1.33886862e-04, 7.48170871e-05, 3.30754838e-05, 8.26915724e-06,
       7.88522573e-06, 3.15673987e-05, 7.06922420e-05, 1.24922419e-04]), 'a2': np.float64(1.294194916622108)}","{'family': 'shear', 'x': array([-0.04, -0.03, -0.02, -0.01,  0.01,  0.02,  0.03,  0.04]), 'y': array([0.00182021, 0.00100586, 0.00044107, 0.0001087 , 0.00011261,
       0.00044933, 0.00101924, 0.00183969]), 'a2': np.float64(1.146970962410707)}",1.6063719826012437,2.588389833244216,1.1153630572797573,0.5734854812053535,0.6386966439161038,0.6291945994225789,0.6339456216693413,2.5339270872653943,257.3691634831857,414.70576763402937,178.70086140776382,91.88250303554551,102.33048306658041,100.80808771284771,101.56928538971405,True,True,True,True,success
W,Nb,0.35,0.3515625,62,3.2155,-1534.9789056683862,2147.7387355294204,3362.7734375,"{'family': 'hydrostatic', 'x': array([-0.01  , -0.0075, -0.005 , -0.0025,  0.0025,  0.005 ,  0.0075,
        0.01  ]), 'y': array([7.40014966e-04, 4.10337972e-04, 1.78705520e-04, 4.27877684e-05,
       4.74417223e-05, 1.82121731e-04, 4.01640840e-04, 7.05140779e-04]), 'a2': np.float64(7.2262976625203725)}","{'family': 'normal', 'x': array([-0.01  , -0.0075, -0.005 , -0.0025,  0.0025,  0.005 ,  0.0075,
        0.01  ]), 'y': array([1.28392213e-04, 7.08099047e-05, 3.04886565e-05, 7.01878347e-06,
       9.04829077e-06, 3.37944498e-05, 7.38856996e-05, 1.28981347e-04]), 'a2': np.float64(1.2870026748273833)}","{'family': 'shear', 'x': array([-0.04, -0.03, -0.02, -0.01,  0.01,  0.02,  0.03,  0.04]), 'y': array([0.00180593, 0.00099765, 0.00043742, 0.00010794, 0.00011094,
       0.00044383, 0.00100828, 0.00182192]), 'a2': np.float64(1.1371493349100807)}",1.6058439250045273,2.5740053496547666,1.1217632126794077,0.5685746674550404,0.6315932278680959,0.6226096870697094,0.6271014574689027,2.5607402213447408,257.2845593295962,412.4011193030996,179.72627934284452,91.09570393756003,101.19239035458703,99.75306845066925,100.47272940262813,True,True,True,True,success
W,Nb,0.4,0.3984375,42,3.222,-1517.4737596287428,2159.2791301763596,3318.4765625,"{'family': 'hydrostatic', 'x': array([-0.01  , -0.0075, -0.005 , -0.0025,  0.0025,  0.005 ,  0.0075,
        0.01  ]), 'y': array([7.09514631e-04, 3.93062037e-04, 1.70837023e-04, 4.06241328e-05,
       4.62881741e-05, 1.76778188e-04, 3.89355300e-04, 6.83336976e-04]), 'a2': np.float64(6.965135770785337)}","{'family': 'normal', 'x': array([-0.01  , -0.0075, -0.005 , -0.0025,  0.0025,  0.005 ,  0.0075,
        0.01  ]), 'y': array([1.22400052e-04, 6.76414468e-05, 2.92414897e-05, 6.81499712e-06,
       8.43845721e-06, 3.17985277e-05, 6.97632577e-05, 1.22033684e-04]), 'a2': np.float64(1.2223294884055547)}","{'family': 'shear', 'x': array([-0.04, -0.03, -0.02, -0.01,  0.01,  0.02,  0.03,  0.04]), 'y': array([0.0016718 , 0.00092374, 0.00040541, 0.00010056, 0.00010081,
       0.0004059 , 0.00092456, 0.00167329]), 'a2': np.float64(1.0487296935948653)}",1.5478079490634082,2.4446589768111093,1.0993824351895578,0.5243648467974327,0.58367421640277,0.5750713249132224,0.5793727706579962,2.6715234602854325,247.986170947779,391.67754584756085,176.14048349788806,84.01250983082204,93.51491836842779,92.13658320684456,92.82575078763617,True,True,True,True,success
W,Nb,0.4,0.3984375,52,3.222,-1517.3916819924548,2159.1856174926315,3318.4765625,"{'family': 'hydrostatic', 'x': array([-0.01  , -0.0075, -0.005 , -0.0025,  0.0025,  0.005 ,  0.0075,
        0.01  ]), 'y': array([7.17379080e-04, 3.98803252e-04, 1.74559883e-04, 4.24343628e-05,
       4.45750032e-05, 1.73445488e-04, 3.84483227e-04, 6.76984089e-04]), 'a2': np.float64(6.972674095048901)}","{'family': 'normal', 'x': array([-0.01  , -0.0075, -0.005 , -0.0025,  0.0025,  0.005 ,  0.0075,
        0.01  ]), 'y': array([1.25773285e-04, 7.01704529e-05, 3.09218314e-05, 7.65577271e-06,
       7.61189457e-06, 3.01546122e-05, 6.73098104e-05, 1.18784012e-04]), 'a2': np.float64(1.2229147511810603)}","{'family': 'shear', 'x': array([-0.04, -0.03, -0.02, -0.01,  0.01,  0.02,  0.03,  0.04]), 'y': array([1.68730568e-03, 9.34262118e-04, 4.11820839e-04, 1.03484330e-04,
       9.83286294e-05, 4.01132643e-04, 9.17370213e-04, 1.66331628e-03]), 'a2': np.float64(1.0504113844833323)}",1.549483132233089,2.4458295023621206,1.1013099471685734,0.5252056922416661,0.584027326383709,0.5755668531964993,0.5797970897901041,2.672457588212502,248.25456487878103,391.8650847147488,176.44930496079715,84.14722812206774,93.57149282403095,92.21597558988569,92.89373420695831,True,True,True,True,success
W,Nb,0.4,0.3984375,62,3.222,-1517.4437956740408,2159.632494008894,3318.4765625,"{'family': 'hydrostatic', 'x': array([-0.01  , -0.0075, -0.005 , -0.0025,  0.0025,  0.005 ,  0.0075,
        0.01  ]), 'y': array([7.13179761e-04, 3.95897048e-04, 1.72738563e-04, 4.15611222e-05,
       4.54175541e-05, 1.75146687e-04, 3.87151435e-04, 6.80828863e-04]), 'a2': np.float64(6.97096822319113)}","{'family': 'normal', 'x': array([-0.01  , -0.0075, -0.005 , -0.0025,  0.0025,  0.005 ,  0.0075,
        0.01  ]), 'y': array([1.23138170e-04, 6.82623371e-05, 2.96990779e-05, 7.06723861e-06,
       8.14664525e-06, 3.11726384e-05, 6.87642195e-05, 1.20620314e-04]), 'a2': np.float64(1.2189430697416743)}","{'family': 'shear', 'x': array([-0.04, -0.03, -0.02, -0.01,  0.01,  0.02,  0.03,  0.04]), 'y': array([1.66555849e-03, 9.20479837e-04, 4.04185905e-04, 1.00477504e-04,
       9.97242285e-05, 4.02806523e-04, 9.18847099e-04, 1.66443895e-03]), 'a2': np.float64(1.0441156537837744)}",1.5491040495980288,2.4378861394833486,1.104713004655369,0.5220578268918872,0.5798693231007283,0.571634338000348,0.5757518305505381,2.690575986735056,248.19382914525653,390.5924176852589,176.99453487525537,83.64288449518351,92.90530725911081,91.58591719906426,92.24561222908754,True,True,True,True,success
W,Nb,0.45,0.453125,42,3.2285,-1496.6433963104992,2175.5608197049814,3266.796875,"{'family': 'hydrostatic', 'x': array([-0.01  , -0.0075, -0.005 , -0.0025,  0.0025,  0.005 ,  0.0075,
        0.01  ]), 'y': array([6.78629770e-04, 3.75882622e-04, 1.63279102e-04, 3.87430255e-05,
       4.45488107e-05, 1.69925475e-04, 3.74264723e-04, 6.57040084e-04]), 'a2': np.float64(6.679567026310027)}","{'family': 'normal', 'x': array([-0.01  , -0.0075, -0.005 , -0.0025,  0.0025,  0.005 ,  0.0075,
        0.01  ]), 'y': array([1.14180143e-04, 6.29630110e-05, 2.70944180e-05, 6.21993833e-06,
       8.11740918e-06, 3.02674867e-05, 6.61629804e-05, 1.15544669e-04]), 'a2': np.float64(1.1487692824920175)}","{'family': 'shear', 'x': array([-0.04, -0.03, -0.02, -0.01,  0.01,  0.02,  0.03,  0.04]), 'y': array([1.53121750e-03, 8.46970952e-04, 3.73245111e-04, 9.41266404e-05,
       8.71464662e-05, 3.57701795e-04, 8.19937236e-04, 1.48883942e-03]), 'a2': np.float64(0.9470642146046387)}",1.4843482280688949,2.297538564984035,1.0777530596113247,0.47353210730231937,0.5280763654559337,0.520040665007971,0.5240585152319523,2.832409330114426,237.81880281378898,368.10625742038025,172.67507551049331,75.8682071517933,84.60716067305337,83.31969953410557,83.96343010357947,True,True,True,True,success
W,Nb,0.45,0.453125,52,3.2285,-1496.6816162220814,2175.450025039734,3266.796875,"{'family': 'hydrostatic', 'x': array([-0.01  , -0.0075, -0.005 , -0.0025,  0.0025,  0.005 ,  0.0075,
        0.01  ]), 'y': array([6.79435953e-04, 3.76696974e-04, 1.63906360e-04, 3.90725016e-05,
       4.42615514e-05, 1.69462525e-04, 3.73877213e-04, 6.57178348e-04]), 'a2': np.float64(6.684415752437684)}","{'family': 'normal', 'x': array([-0.01  , -0.0075, -0.005 , -0.0025,  0.0025,  0.005 ,  0.0075,
        0.01  ]), 'y': array([1.14036360e-04, 6.29432925e-05, 2.71373986e-05, 6.26579361e-06,
       8.02682358e-06, 3.00520575e-05, 6.57967786e-05, 1.15008381e-04]), 'a2': np.float64(1.1453800256990432)}","{'family': 'shear', 'x': array([-0.04, -0.03, -0.02, -0.01,  0.01,  0.02,  0.03,  0.04]), 'y': array([1.50175102e-03, 8.28552827e-04, 3.62728546e-04, 8.94547706e-05,
       9.14907470e-05, 3.66697998e-04, 8.34215586e-04, 1.50873978e-03]), 'a2': np.float64(0.943960682147912)}",1.4854257227639298,2.2907600513980864,1.0827585584468515,0.471980341073956,0.5247885032346206,0.5171994080522543,0.5209939556434374,2.851138111438166,237.99143649473106,367.020219821262,173.47704483146558,75.61958679459022,84.08038707471343,82.8644799872921,83.47243353100276,True,True,True,True,success
W,Nb,0.45,0.453125,62,3.2285,-1496.7652153978552,2174.2413075849117,3266.796875,"{'family': 'hydrostatic', 'x': array([-0.01  , -0.0075, -0.005 , -0.0025,  0.0025,  0.005 ,  0.0075,
        0.01  ]), 'y': array([6.86157885e-04, 3.81420485e-04, 1.66869833e-04, 4.04736598e-05,
       4.29913337e-05, 1.66984328e-04, 3.70043886e-04, 6.51446019e-04]), 'a2': np.float64(6.688879203161525)}","{'family': 'normal', 'x': array([-0.01  , -0.0075, -0.005 , -0.0025,  0.0025,  0.005 ,  0.0075,
        0.01  ]), 'y': array([1.18825792e-04, 6.64611856e-05, 2.94296225e-05, 7.38445914e-06,
       6.96455424e-06, 2.79809818e-05, 6.27757047e-05, 1.11097615e-04]), 'a2': np.float64(1.1497665699492097)}","{'family': 'shear', 'x': array([-0.04, -0.03, -0.02, -0.01,  0.01,  0.02,  0.03,  0.04]), 'y': array([1.53649160e-03, 8.49680767e-04, 3.73549803e-04, 9.32365597e-05,
       9.06991076e-05, 3.67546107e-04, 8.38175942e-04, 1.51668890e-03]), 'a2': np.float64(0.9571473560824095)}",1.4864176007025611,2.2995331398984193,1.0798598311046321,0.47857367804120476,0.5310788685834803,0.5236592398364844,0.5273690542099824,2.818552944729128,238.1503528591273,368.4258235500063,173.01261751368781,76.67595582878846,85.08821470453677,83.89945913319154,84.49383691886416,True,True,True,True,success
W,Nb,0.5,0.5,42,3.235,-1478.9658178370473,2188.0587829190135,3222.5,"{'family': 'hydrostatic', 'x': array([-0.01  , -0.0075, -0.005 , -0.0025,  0.0025,  0.005 ,  0.0075,
        0.01  ]), 'y': array([6.61111491e-04, 3.67853334e-04, 1.61191619e-04, 3.92613034e-05,
       4.11611933e-05, 1.60544884e-04, 3.56568619e-04, 6.28868058e-04]), 'a2': np.float64(6.451246576253122)}","{'family': 'normal', 'x': array([-0.01  , -0.0075, -0.005 , -0.0025,  0.0025,  0.005 ,  0.0075,
        0.01  ]), 'y': array([1.06310842e-04, 5.83627327e-05, 2.48767272e-05, 5.52457379e-06,
       8.01530109e-06, 2.93049452e-05, 6.36104556e-05, 1.10713864e-04]), 'a2': np.float64(1.0852866595247566)}","{'family': 'shear', 'x': array([-0.04, -0.03, -0.02, -0.01,  0.01,  0.02,  0.03,  0.04]), 'y': array([1.37487178e-03, 7.58240746e-04, 3.31892146e-04, 8.19815367e-05,
       8.31635604e-05, 3.34518546e-04, 7.62491814e-04, 1.38097223e-03]), 'a2': np.float64(0.8643369125990108)}",1.4336103502784716,2.170573319049513,1.0651288658929507,0.4321684562995054,0.48038996441101567,0.4734762561859353,0.4769331102984755,3.005893948904671,229.6896986553066,347.76418255133893,170.6524567072904,69.2410196930294,76.96695698462733,75.8592588165017,76.41310790056451,True,True,True,True,success
W,Nb,0.5,0.5,52,3.235,-1478.987570618461,2187.2134216571662,3222.5,"{'family': 'hydrostatic', 'x': array([-0.01  , -0.0075, -0.005 , -0.0025,  0.0025,  0.005 ,  0.0075,
        0.01  ]), 'y': array([6.70389819e-04, 3.74605698e-04, 1.65583916e-04, 4.14129157e-05,
       3.90703688e-05, 1.56404598e-04, 3.50373592e-04, 6.20529727e-04]), 'a2': np.float64(6.455928016192158)}","{'family': 'normal', 'x': array([-0.01  , -0.0075, -0.005 , -0.0025,  0.0025,  0.005 ,  0.0075,
        0.01  ]), 'y': array([1.15439887e-04, 6.52283437e-05, 2.94504849e-05, 7.80185846e-06,
       5.77946895e-06, 2.48998371e-05, 5.71235069e-05, 1.02247084e-04]), 'a2': np.float64(1.0885967587980145)}","{'family': 'shear', 'x': array([-0.04, -0.03, -0.02, -0.01,  0.01,  0.02,  0.03,  0.04]), 'y': array([1.37938361e-03, 7.60496245e-04, 3.32135208e-04, 8.10505402e-05,
       8.68276048e-05, 3.44370835e-04, 7.80941605e-04, 1.41063235e-03]), 'a2': np.float64(0.8747408278962285)}",1.434650670264924,2.177193517596029,1.0633792465993714,0.43737041394811427,0.4851851025682,0.47844886695366184,0.48181698476093093,2.9775842604983556,229.8563762913511,348.8248552849671,170.37213679454308,70.07446518572868,77.73522280952201,76.65595888814067,77.19559084883134,True,True,True,True,success
W,Nb,0.5,0.5,62,3.235,-1478.9935585578455,2187.621703458854,3222.5,"{'family': 'hydrostatic', 'x': array([-0.01  , -0.0075, -0.005 , -0.0025,  0.0025,  0.005 ,  0.0075,
        0.01  ]), 'y': array([6.51259603e-04, 3.61175934e-04, 1.57183561e-04, 3.74565018e-05,
       4.26646406e-05, 1.63380102e-04, 3.60712731e-04, 6.34329246e-04]), 'a2': np.float64(6.429505714462227)}","{'family': 'normal', 'x': array([-0.01  , -0.0075, -0.005 , -0.0025,  0.0025,  0.005 ,  0.0075,
        0.01  ]), 'y': array([1.05281685e-04, 5.77587017e-05, 2.45762942e-05, 5.42537567e-06,
       8.02961958e-06, 2.92567915e-05, 6.34419079e-05, 1.10374090e-04]), 'a2': np.float64(1.0784506870290134)}","{'family': 'shear', 'x': array([-0.04, -0.03, -0.02, -0.01,  0.01,  0.02,  0.03,  0.04]), 'y': array([1.37241494e-03, 7.58102307e-04, 3.33103224e-04, 8.32638451e-05,
       8.04743897e-05, 3.27731857e-04, 7.50253013e-04, 1.36166597e-03]), 'a2': np.float64(0.8575581164775637)}",1.4287790476582727,2.1569013740580267,1.0647178844583958,0.4287790582387819,0.4757041328631953,0.4690872168307215,0.47239567484695844,3.0245388002782896,228.91563864469734,345.5736954887166,170.58661022268774,68.6979782598818,76.21620400913484,75.15605719223223,75.68613060068354,True,True,True,True,success
W,Nb,0.55,0.546875,42,3.2415,-1461.1842948664803,2201.05751866198,3178.203125,"{'family': 'hydrostatic', 'x': array([-0.01  , -0.0075, -0.005 , -0.0025,  0.0025,  0.005 ,  0.0075,
        0.01  ]), 'y': array([6.42961927e-04, 3.58917044e-04, 1.58272238e-04, 3.92704742e-05,
       3.84013593e-05, 1.52504805e-04, 3.40867593e-04, 6.02995436e-04]), 'a2': np.float64(6.231149127585346)}","{'family': 'normal', 'x': array([-0.01  , -0.0075, -0.005 , -0.0025,  0.0025,  0.005 ,  0.0075,
        0.01  ]), 'y': array([1.02985719e-04, 5.69184309e-05, 2.46008371e-05, 5.72334918e-06,
       7.15865651e-06, 2.69524645e-05, 5.91535289e-05, 1.03553723e-04]), 'a2': np.float64(1.0328828575551945)}","{'family': 'shear', 'x': array([-0.04, -0.03, -0.02, -0.01,  0.01,  0.02,  0.03,  0.04]), 'y': array([1.25595141e-03, 6.91262887e-04, 3.02003970e-04, 7.45045006e-05,
       7.52436760e-05, 3.03216892e-04, 6.92412382e-04, 1.25611642e-03]), 'a2': np.float64(0.788234624554944)}",1.3846998061300768,2.065765715110389,1.0441668516399207,0.394117312277472,0.44079016006057686,0.4337499856916502,0.4372700728761135,3.166692376229432,221.85336562079016,330.97215328000584,167.29397179118232,63.14455435834984,70.62236891277462,69.49440863474965,70.05838877376213,True,True,True,True,success
W,Nb,0.55,0.546875,52,3.2415,-1461.2417169303762,2201.1164102974617,3178.203125,"{'family': 'hydrostatic', 'x': array([-0.01  , -0.0075, -0.005 , -0.0025,  0.0025,  0.005 ,  0.0075,
        0.01  ]), 'y': array([6.39072808e-04, 3.56346522e-04, 1.56782217e-04, 3.86435188e-05,
       3.87635516e-05, 1.52972764e-04, 3.41312016e-04, 6.03535924e-04]), 'a2': np.float64(6.2148053547350575)}","{'family': 'normal', 'x': array([-0.01  , -0.0075, -0.005 , -0.0025,  0.0025,  0.005 ,  0.0075,
        0.01  ]), 'y': array([1.10091065e-04, 6.24270506e-05, 2.83732172e-05, 7.65027204e-06,
       5.18133357e-06, 2.29704684e-05, 5.31677607e-05, 9.55882867e-05]), 'a2': np.float64(1.0285633322940575)}","{'family': 'shear', 'x': array([-0.04, -0.03, -0.02, -0.01,  0.01,  0.02,  0.03,  0.04]), 'y': array([1.21416951e-03, 6.63574109e-04, 2.85776969e-04, 6.74686220e-05,
       8.05712745e-05, 3.12840191e-04, 7.05811021e-04, 1.27298235e-03]), 'a2': np.float64(0.7805212838733818)}",1.3810678566077905,2.057126664588115,1.0430384526176282,0.3902606419366909,0.4369740275561119,0.42986346454297664,0.4334187460495443,3.186451599511388,221.27146315953686,329.58802480273613,167.11318233793725,62.52664765293662,70.01095708472175,68.8717193026847,69.44133819370322,True,True,True,True,success
W,Nb,0.55,0.546875,62,3.2415,-1461.1471832639709,2201.9323490261268,3178.203125,"{'family': 'hydrostatic', 'x': array([-0.01  , -0.0075, -0.005 , -0.0025,  0.0025,  0.005 ,  0.0075,
        0.01  ]), 'y': array([6.41604510e-04, 3.58017537e-04, 1.57754710e-04, 3.90570742e-05,
       3.85117917e-05, 1.52654609e-04, 3.41106190e-04, 6.03454109e-04]), 'a2': np.float64(6.227009990114127)}","{'family': 'normal', 'x': array([-0.01  , -0.0075, -0.005 , -0.0025,  0.0025,  0.005 ,  0.0075,
        0.01  ]), 'y': array([1.04581845e-04, 5.82327916e-05, 2.55408778e-05, 6.22125143e-06,
       6.63464307e-06, 2.58932160e-05, 5.75678674e-05, 1.01469852e-04]), 'a2': np.float64(1.030423419958904)}","{'family': 'shear', 'x': array([-0.04, -0.03, -0.02, -0.01,  0.01,  0.02,  0.03,  0.04]), 'y': array([1.25314429e-03, 6.92109243e-04, 3.04314835e-04, 7.64224090e-05,
       7.22971210e-05, 2.96595212e-04, 6.81463677e-04, 1.24030720e-03]), 'a2': np.float64(0.7823579428330432)}",1.3837799978031393,2.060846839917808,1.045246576745805,0.3911789714165216,0.4378274354843136,0.4307492461818814,0.4342883408330975,3.186316250509114,221.7059960810865,330.1840625965872,167.46696282333616,62.67378025521423,70.14768810777875,69.0136371659834,69.58066263688107,True,True,True,True,success
W,Nb,0.6,0.6015625,42,3.2479999999999998,-1440.4682101135509,2218.272585273718,3126.5234375,"{'family': 'hydrostatic', 'x': array([-0.01  , -0.0075, -0.005 , -0.0025,  0.0025,  0.005 ,  0.0075,
        0.01  ]), 'y': array([6.15031310e-04, 3.43220983e-04, 1.51200799e-04, 3.73855805e-05,
       3.71366655e-05, 1.47001974e-04, 3.28397770e-04, 5.81036059e-04]), 'a2': np.float64(5.981951295491227)}","{'family': 'normal', 'x': array([-0.01  , -0.0075, -0.005 , -0.0025,  0.0025,  0.005 ,  0.0075,
        0.01  ]), 'y': array([9.89395843e-05, 5.53021460e-05, 2.44355385e-05, 6.08086735e-06,
       5.97434243e-06, 2.38080892e-05, 5.33201937e-05, 9.43471980e-05]), 'a2': np.float64(0.9666106039031167)}","{'family': 'shear', 'x': array([-0.04, -0.03, -0.02, -0.01,  0.01,  0.02,  0.03,  0.04]), 'y': array([1.10020141e-03, 6.03831474e-04, 2.62744162e-04, 6.43187574e-05,
       6.63962991e-05, 2.66339512e-04, 6.08305329e-04, 1.10506756e-03]), 'a2': np.float64(0.6923081674599367)}",1.3293225101091615,1.9332212078062334,1.0273731612606256,0.34615408372996836,0.38886205954710257,0.3821925086736911,0.38552728411039683,3.4480633794222104,212.98094472000702,309.73618219818854,164.60332598091625,55.459998014660094,62.302570052250516,61.233990204188906,61.768280128219715,True,True,True,True,success
W,Nb,0.6,0.6015625,52,3.2479999999999998,-1440.5158837734518,2217.375114775205,3126.5234375,"{'family': 'hydrostatic', 'x': array([-0.01  , -0.0075, -0.005 , -0.0025,  0.0025,  0.005 ,  0.0075,
        0.01  ]), 'y': array([6.19896825e-04, 3.47075666e-04, 1.53901067e-04, 3.87875118e-05,
       3.56797111e-05, 1.44097114e-04, 3.24069939e-04, 5.75245508e-04]), 'a2': np.float64(5.977300871775577)}","{'family': 'normal', 'x': array([-0.01  , -0.0075, -0.005 , -0.0025,  0.0025,  0.005 ,  0.0075,
        0.01  ]), 'y': array([9.74696225e-05, 5.41949310e-05, 2.36989552e-05, 5.71278852e-06,
       6.33418036e-06, 2.45174940e-05, 5.43594115e-05, 9.57029877e-05]), 'a2': np.float64(0.9660377244315139)}","{'family': 'shear', 'x': array([-0.04, -0.03, -0.02, -0.01,  0.01,  0.02,  0.03,  0.04]), 'y': array([1.10527852e-03, 6.07941735e-04, 2.65566461e-04, 6.56685134e-05,
       6.57846442e-05, 2.66318673e-04, 6.09780780e-04, 1.10827902e-03]), 'a2': np.float64(0.6947976492684598)}",1.3282890826167948,1.9320754488630278,1.0263958994936782,0.3473988246342299,0.38957520465440787,0.38307774083835566,0.38632647274638177,3.438255403969686,212.81537138325083,309.5526113790009,164.44675138537576,55.65942749223622,62.41682849406676,61.37582003200948,61.896324263038125,True,True,True,True,success
W,Nb,0.6,0.6015625,62,3.2479999999999998,-1440.5588119841811,2217.399840633007,3126.5234375,"{'family': 'hydrostatic', 'x': array([-0.01  , -0.0075, -0.005 , -0.0025,  0.0025,  0.005 ,  0.0075,
        0.01  ]), 'y': array([6.20115631e-04, 3.46817619e-04, 1.53466198e-04, 3.84507014e-05,
       3.62311581e-05, 1.45339195e-04, 3.26044620e-04, 5.77884905e-04]), 'a2': np.float64(5.991346941714204)}","{'family': 'normal', 'x': array([-0.01  , -0.0075, -0.005 , -0.0025,  0.0025,  0.005 ,  0.0075,
        0.01  ]), 'y': array([9.93468814e-05, 5.55003252e-05, 2.44969477e-05, 6.07821160e-06,
       6.03594442e-06, 2.39893590e-05, 5.36650498e-05, 9.49013687e-05]), 'a2': np.float64(0.9714195973479276)}","{'family': 'shear', 'x': array([-0.04, -0.03, -0.02, -0.01,  0.01,  0.02,  0.03,  0.04]), 'y': array([1.13927960e-03, 6.29909988e-04, 2.78215692e-04, 7.11422415e-05,
       6.13630698e-05, 2.57630199e-04, 5.96521976e-04, 1.09069817e-03]), 'a2': np.float64(0.6999113897896956)}",1.3314104314920452,1.9428391946958552,1.0256960498901402,0.3499556948948478,0.39340204589805167,0.3865815060289154,0.38999177596348356,3.4139448920500066,213.31546660257948,311.27715357155984,164.3346231180893,56.069083267634305,63.02995605127469,61.93718509931825,62.483570575296476,True,True,True,True,success
W,Nb,0.65,0.6484375,42,3.2545,-1422.911142079664,2232.1653980111178,3082.2265625,"{'family': 'hydrostatic', 'x': array([-0.01  , -0.0075, -0.005 , -0.0025,  0.0025,  0.005 ,  0.0075,
        0.01  ]), 'y': array([5.92748742e-04, 3.30510544e-04, 1.45331308e-04, 3.57130065e-05,
       3.64415386e-05, 1.43375674e-04, 3.19631428e-04, 5.64759057e-04]), 'a2': np.float64(5.788868381185928)}","{'family': 'normal', 'x': array([-0.01  , -0.0075, -0.005 , -0.0025,  0.0025,  0.005 ,  0.0075,
        0.01  ]), 'y': array([9.42869426e-05, 5.26720774e-05, 2.32395397e-05, 5.75499709e-06,
       5.77973367e-06, 2.29132525e-05, 5.12477673e-05, 9.06321987e-05]), 'a2': np.float64(0.9247639972245962)}","{'family': 'shear', 'x': array([-0.04, -0.03, -0.02, -0.01,  0.01,  0.02,  0.03,  0.04]), 'y': array([9.91552455e-04, 5.42582012e-04, 2.35223081e-04, 5.71312730e-05,
       6.08593906e-05, 2.42879185e-04, 5.54172486e-04, 1.00668258e-03]), 'a2': np.float64(0.6275128787123672)}",1.286415195819095,1.8495279944491925,1.0048587965040463,0.3137564393561836,0.3571877032027394,0.34972033156289173,0.35345401738281557,3.6395546027301675,206.1064351383208,296.32705122216083,160.99612709640078,50.26932317619303,57.22777873086783,56.03137390484894,56.62957631785839,True,True,True,True,success
W,Nb,0.65,0.6484375,52,3.2545,-1422.8353141292823,2232.249866385289,3082.2265625,"{'family': 'hydrostatic', 'x': array([-0.01  , -0.0075, -0.005 , -0.0025,  0.0025,  0.005 ,  0.0075,
        0.01  ]), 'y': array([5.86589745e-04, 3.26234806e-04, 1.42709720e-04, 3.45157192e-05,
       3.74032159e-05, 1.45090801e-04, 3.22003149e-04, 5.67852591e-04]), 'a2': np.float64(5.773855437847645)}","{'family': 'normal', 'x': array([-0.01  , -0.0075, -0.005 , -0.0025,  0.0025,  0.005 ,  0.0075,
        0.01  ]), 'y': array([8.86273480e-05, 4.85939089e-05, 2.06300571e-05, 4.50268470e-06,
       6.93126116e-06, 2.51227107e-05, 5.44174617e-05, 9.46801709e-05]), 'a2': np.float64(0.9166980662631014)}","{'family': 'shear', 'x': array([-0.04, -0.03, -0.02, -0.01,  0.01,  0.02,  0.03,  0.04]), 'y': array([9.86019670e-04, 5.41757173e-04, 2.36448226e-04, 5.85211844e-05,
       5.77767974e-05, 2.34982744e-04, 5.39892425e-04, 9.84529414e-04]), 'a2': np.float64(0.6188448193360896)}",1.2830789861883656,1.8333961325262027,1.007920413019447,0.3094224096680448,0.35074858970217804,0.34385117673913684,0.3472998832206574,3.6944411679319793,205.57191543107655,293.74244201986204,161.4866521366838,49.57493507217413,56.19611901994013,55.09103164060138,55.64357533027075,True,True,True,True,success
W,Nb,0.65,0.6484375,62,3.2545,-1422.7899737114635,2231.8248306753603,3082.2265625,"{'family': 'hydrostatic', 'x': array([-0.01  , -0.0075, -0.005 , -0.0025,  0.0025,  0.005 ,  0.0075,
        0.01  ]), 'y': array([5.90624836e-04, 3.29316056e-04, 1.44788561e-04, 3.55584230e-05,
       3.63704082e-05, 1.43029298e-04, 3.18878364e-04, 5.63566795e-04]), 'a2': np.float64(5.772415869079543)}","{'family': 'normal', 'x': array([-0.01  , -0.0075, -0.005 , -0.0025,  0.0025,  0.005 ,  0.0075,
        0.01  ]), 'y': array([9.18311715e-05, 5.10134665e-05, 2.22548020e-05, 5.32061990e-06,
       6.11177912e-06, 2.34756301e-05, 5.19426168e-05, 9.13764203e-05]), 'a2': np.float64(0.9161746041684456)}","{'family': 'shear', 'x': array([-0.04, -0.03, -0.02, -0.01,  0.01,  0.02,  0.03,  0.04]), 'y': array([9.78369700e-04, 5.36061528e-04, 2.32693237e-04, 5.66853158e-05,
       5.94195618e-05, 2.37682731e-04, 5.42604040e-04, 9.86001623e-04]), 'a2': np.float64(0.6168277908978327)}",1.2827590820176762,1.8323492083368913,1.0079640188580687,0.30841389544891634,0.3499253751651143,0.3429522537473139,0.3464388144562141,3.702700241689582,205.52066113275905,293.57470627387556,161.4936385622008,49.41335328181093,56.064225511421505,54.947008300461555,55.50561690594153,True,True,True,True,success
W,Nb,0.7,0.703125,42,3.2609999999999997,-1402.301131758605,2249.105050403115,3030.546875,"{'family': 'hydrostatic', 'x': array([-0.01  , -0.0075, -0.005 , -0.0025,  0.0025,  0.005 ,  0.0075,
        0.01  ]), 'y': array([5.68585990e-04, 3.17040470e-04, 1.39384884e-04, 3.42191145e-05,
       3.50869721e-05, 1.37966739e-04, 3.07642695e-04, 5.43727391e-04]), 'a2': np.float64(5.563081076730786)}","{'family': 'normal', 'x': array([-0.01  , -0.0075, -0.005 , -0.0025,  0.0025,  0.005 ,  0.0075,
        0.01  ]), 'y': array([8.65290239e-05, 4.80094264e-05, 2.08836802e-05, 4.94542719e-06,
       5.88331533e-06, 2.24440741e-05, 4.95459112e-05, 8.70817255e-05]), 'a2': np.float64(0.8682111064490762)}","{'family': 'shear', 'x': array([-0.04, -0.03, -0.02, -0.01,  0.01,  0.02,  0.03,  0.04]), 'y': array([8.60781286e-04, 4.70714515e-04, 2.04145212e-04, 4.98779998e-05,
       5.13651954e-05, 2.07049874e-04, 4.75074884e-04, 8.66793575e-04]), 'a2': np.float64(0.5428607305100258)}",1.236240239273508,1.7364222128981524,0.9861492524611856,0.2714303652550129,0.3129128112404011,0.30517668422689487,0.309044747733648,4.000198185988809,198.06752090562122,278.20550733432196,157.99852769127082,43.48793853867863,50.134159051817406,48.894694868159505,49.514426959988455,True,True,True,True,success
W,Nb,0.7,0.703125,52,3.2609999999999997,-1402.2541586056782,2249.0402215626623,3030.546875,"{'family': 'hydrostatic', 'x': array([-0.01  , -0.0075, -0.005 , -0.0025,  0.0025,  0.005 ,  0.0075,
        0.01  ]), 'y': array([5.74097536e-04, 3.21074913e-04, 1.42004203e-04, 3.54926409e-05,
       3.38644700e-05, 1.35523425e-04, 3.03939463e-04, 5.38826043e-04]), 'a2': np.float64(5.566018024355996)}","{'family': 'normal', 'x': array([-0.01  , -0.0075, -0.005 , -0.0025,  0.0025,  0.005 ,  0.0075,
        0.01  ]), 'y': array([8.30957014e-05, 4.54560380e-05, 1.92003718e-05, 4.11509810e-06,
       6.67797864e-06, 2.39865676e-05, 5.17882288e-05, 8.99579820e-05]), 'a2': np.float64(0.8654346803971258)}","{'family': 'shear', 'x': array([-0.04, -0.03, -0.02, -0.01,  0.01,  0.02,  0.03,  0.04]), 'y': array([8.49111273e-04, 4.61852812e-04, 1.98177968e-04, 4.68926661e-05,
       5.44006261e-05, 2.13122234e-04, 4.83856369e-04, 8.77751702e-04]), 'a2': np.float64(0.5425946492187176)}",1.2368928943013324,1.7308693607942516,0.9899046610548727,0.2712973246093588,0.31097133471349103,0.30383414881821574,0.30740274176585336,4.023688556569432,198.17208776832402,277.31584235235897,158.60021047630653,43.46662307747032,49.82310022169268,48.67959698372132,49.251348602707,True,True,True,True,success
W,Nb,0.7,0.703125,62,3.2609999999999997,-1402.305229966135,2248.2552734557416,3030.546875,"{'family': 'hydrostatic', 'x': array([-0.01  , -0.0075, -0.005 , -0.0025,  0.0025,  0.005 ,  0.0075,
        0.01  ]), 'y': array([5.81060640e-04, 3.26309243e-04, 1.45496118e-04, 3.72381974e-05,
       3.21304150e-05, 1.32079097e-04, 2.98794325e-04, 5.31948562e-04]), 'a2': np.float64(5.566402690240865)}","{'family': 'normal', 'x': array([-0.01  , -0.0075, -0.005 , -0.0025,  0.0025,  0.005 ,  0.0075,
        0.01  ]), 'y': array([8.73759293e-05, 4.86821921e-05, 2.13614117e-05, 5.19670222e-06,
       5.59599293e-06, 2.18319289e-05, 4.85725984e-05, 8.56984481e-05]), 'a2': np.float64(0.8655411988126583)}","{'family': 'shear', 'x': array([-0.04, -0.03, -0.02, -0.01,  0.01,  0.02,  0.03,  0.04]), 'y': array([8.61860513e-04, 4.72580364e-04, 2.06083240e-04, 5.11777968e-05,
       4.96703838e-05, 2.03554021e-04, 4.69681016e-04, 8.59440247e-04]), 'a2': np.float64(0.5408994164846286)}",1.2369783756090813,1.7310823976253167,0.9899263646009636,0.2704497082423143,0.3105010315502592,0.3032212481090183,0.30686113982963875,4.031068829033938,198.1857833836031,277.34997461536915,158.60368776772006,43.3308199648017,49.74774934841085,48.581399465006534,49.16457440670869,True,True,True,True,success
W,Nb,0.75,0.75,42,3.2674999999999996,-1384.7309332265709,2263.2175500628464,2986.25,"{'family': 'hydrostatic', 'x': array([-0.01  , -0.0075, -0.005 , -0.0025,  0.0025,  0.005 ,  0.0075,
        0.01  ]), 'y': array([5.52159632e-04, 3.08204554e-04, 1.35791010e-04, 3.35428287e-05,
       3.35960453e-05, 1.32841762e-04, 2.96676978e-04, 5.24569341e-04]), 'a2': np.float64(5.384744916845087)}","{'family': 'normal', 'x': array([-0.01  , -0.0075, -0.005 , -0.0025,  0.0025,  0.005 ,  0.0075,
        0.01  ]), 'y': array([8.91175504e-05, 5.06852039e-05, 2.31491041e-05, 6.31227454e-06,
       4.05637833e-06, 1.83441332e-05, 4.27389552e-05, 7.71364348e-05]), 'a2': np.float64(0.831424830246484)}","{'family': 'shear', 'x': array([-0.04, -0.03, -0.02, -0.01,  0.01,  0.02,  0.03,  0.04]), 'y': array([7.35096830e-04, 3.96377472e-04, 1.68089845e-04, 3.87024394e-05,
       4.87669707e-05, 1.88514110e-04, 4.27638208e-04, 7.77523457e-04]), 'a2': np.float64(0.47583840893088697)}",1.1966099815211306,1.662849660492968,0.963490142035212,0.23791920446544348,0.2826234263708173,0.2727941095326359,0.2777087679517266,4.308866408312806,191.71805366090754,266.41788499470505,154.3681379940088,38.11885870338685,45.28126462217136,43.706434458514366,44.493849540342865,True,True,True,True,success
W,Nb,0.75,0.75,52,3.2674999999999996,-1384.4876847878495,2263.3242617250044,2986.25,"{'family': 'hydrostatic', 'x': array([-0.01  , -0.0075, -0.005 , -0.0025,  0.0025,  0.005 ,  0.0075,
        0.01  ]), 'y': array([5.52692871e-04, 3.08507470e-04, 1.35896732e-04, 3.35430460e-05,
       3.36787419e-05, 1.33060010e-04, 2.96988533e-04, 5.24983999e-04]), 'a2': np.float64(5.389275771249934)}","{'family': 'normal', 'x': array([-0.01  , -0.0075, -0.005 , -0.0025,  0.0025,  0.005 ,  0.0075,
        0.01  ]), 'y': array([8.62620857e-05, 4.86360957e-05, 2.18420566e-05, 5.68746097e-06,
       4.61628402e-06, 1.94074750e-05, 4.42459341e-05, 7.90277439e-05]), 'a2': np.float64(0.8266287711677928)}","{'family': 'shear', 'x': array([-0.04, -0.03, -0.02, -0.01,  0.01,  0.02,  0.03,  0.04]), 'y': array([7.40451859e-04, 4.01148201e-04, 1.71877920e-04, 4.09745423e-05,
       4.53688261e-05, 1.80335811e-04, 4.13262986e-04, 7.55762749e-04]), 'a2': np.float64(0.47075430196422424)}",1.1976168380555408,1.6532575423355855,0.9697964859155185,0.23537715098211212,0.2779185018732807,0.2688451462532841,0.2733818240632824,4.380747850224003,191.8793698609007,264.8810582491341,155.37852566678401,37.71157683740518,44.52745261891314,43.07374079425685,43.80059670658499,True,True,True,True,success
W,Nb,0.75,0.75,62,3.2674999999999996,-1384.7223686191423,2263.140695657949,2986.25,"{'family': 'hydrostatic', 'x': array([-0.01  , -0.0075, -0.005 , -0.0025,  0.0025,  0.005 ,  0.0075,
        0.01  ]), 'y': array([5.51179113e-04, 3.07634227e-04, 1.35505094e-04, 3.34486994e-05,
       3.36030702e-05, 1.32796390e-04, 2.96577131e-04, 5.24530526e-04]), 'a2': np.float64(5.3798184636457576)}","{'family': 'normal', 'x': array([-0.01  , -0.0075, -0.005 , -0.0025,  0.0025,  0.005 ,  0.0075,
        0.01  ]), 'y': array([8.18397754e-05, 4.53113798e-05, 1.96202737e-05, 4.57382139e-06,
       5.74335187e-06, 2.16595127e-05, 4.76303153e-05, 8.35541573e-05]), 'a2': np.float64(0.8271132349360948)}","{'family': 'shear', 'x': array([-0.04, -0.03, -0.02, -0.01,  0.01,  0.02,  0.03,  0.04]), 'y': array([7.83921902e-04, 4.34625690e-04, 1.94339906e-04, 5.20414083e-05,
       3.55486898e-05, 1.62357636e-04, 3.88294765e-04, 7.24001210e-04]), 'a2': np.float64(0.4741841123208358)}",1.1955152141435017,1.6542264698721896,0.9661595862791579,0.2370920561604179,0.27986861041485706,0.2707576141046362,0.27531311225974664,4.342383856441905,191.5426525911424,265.03629755377375,154.7958301098267,37.986334935762216,44.83989445024674,43.380151922203645,44.11002318622519,True,True,True,True,success
W,Nb,0.8,0.796875,42,3.274,-1367.2435919724412,2278.379535406561,2941.953125,"{'family': 'hydrostatic', 'x': array([-0.01  , -0.0075, -0.005 , -0.0025,  0.0025,  0.005 ,  0.0075,
        0.01  ]), 'y': array([5.27059751e-04, 2.93043502e-04, 1.28056525e-04, 3.08352988e-05,
       3.40765114e-05, 1.31624406e-04, 2.91638961e-04, 5.13742137e-04]), 'a2': np.float64(5.204979671832954)}","{'family': 'normal', 'x': array([-0.01  , -0.0075, -0.005 , -0.0025,  0.0025,  0.005 ,  0.0075,
        0.01  ]), 'y': array([7.55510479e-05, 4.13066796e-05, 1.74225694e-05, 3.70978981e-06,
       6.14566907e-06, 2.20048130e-05, 4.74702549e-05, 8.24390621e-05]), 'a2': np.float64(0.7900930327309724)}","{'family': 'shear', 'x': array([-0.04, -0.03, -0.02, -0.01,  0.01,  0.02,  0.03,  0.04]), 'y': array([6.52931271e-04, 3.54817516e-04, 1.53486676e-04, 3.79929114e-05,
       3.59211874e-05, 1.49162528e-04, 3.48005147e-04, 6.43395220e-04]), 'a2': np.float64(0.4082672600681618)}",1.1566621492962121,1.5801860654619448,0.9449001912133458,0.2041336300340809,0.24953735287016832,0.23817878691504218,0.24385806989260525,4.743177659880621,185.31770537666702,253.17371705970663,151.38969953514723,32.70581295596411,39.98029127849034,38.16044839657855,39.07036983753445,True,True,True,True,success
W,Nb,0.8,0.796875,52,3.274,-1367.2131035068867,2278.378228339718,2941.953125,"{'family': 'hydrostatic', 'x': array([-0.01  , -0.0075, -0.005 , -0.0025,  0.0025,  0.005 ,  0.0075,
        0.01  ]), 'y': array([5.34266177e-04, 2.98212875e-04, 1.31353766e-04, 3.24051087e-05,
       3.26601515e-05, 1.28953362e-04, 2.87791931e-04, 5.08630742e-04]), 'a2': np.float64(5.21527558665754)}","{'family': 'normal', 'x': array([-0.01  , -0.0075, -0.005 , -0.0025,  0.0025,  0.005 ,  0.0075,
        0.01  ]), 'y': array([8.25047780e-05, 4.65079989e-05, 2.08762861e-05, 5.42771080e-06,
       4.44874982e-06, 1.86428092e-05, 4.24713158e-05, 7.58333843e-05]), 'a2': np.float64(0.7918322627097178)}","{'family': 'shear', 'x': array([-0.04, -0.03, -0.02, -0.01,  0.01,  0.02,  0.03,  0.04]), 'y': array([6.55389862e-04, 3.56178407e-04, 1.54314806e-04, 3.84292721e-05,
       3.53737091e-05, 1.47851326e-04, 3.45847813e-04, 6.41114015e-04]), 'a2': np.float64(0.40837292416551946)}",1.1589501303683423,1.5836645254194357,0.9465929328427956,0.20418646208275973,0.24992619576498387,0.2384224195520824,0.24417430765853315,4.74640490017927,185.684280354927,253.73102778173472,151.66090664152316,32.71427758328633,40.04259077801411,38.199482648091525,39.12103671305282,True,True,True,True,success
W,Nb,0.8,0.796875,62,3.274,-1367.2269101694121,2278.1844630102605,2941.953125,"{'family': 'hydrostatic', 'x': array([-0.01  , -0.0075, -0.005 , -0.0025,  0.0025,  0.005 ,  0.0075,
        0.01  ]), 'y': array([5.34813594e-04, 2.98644682e-04, 1.31653063e-04, 3.25673221e-05,
       3.24517965e-05, 1.28496383e-04, 2.87119235e-04, 5.07944996e-04]), 'a2': np.float64(5.214850579823337)}","{'family': 'normal', 'x': array([-0.01  , -0.0075, -0.005 , -0.0025,  0.0025,  0.005 ,  0.0075,
        0.01  ]), 'y': array([7.90051139e-05, 4.39012940e-05, 1.91501679e-05, 4.57340282e-06,
       5.28189473e-06, 2.02880365e-05, 4.49004426e-05, 7.90300209e-05]), 'a2': np.float64(0.790330605513052)}","{'family': 'shear', 'x': array([-0.04, -0.03, -0.02, -0.01,  0.01,  0.02,  0.03,  0.04]), 'y': array([6.51616025e-04, 3.52864828e-04, 1.51313136e-04, 3.64242657e-05,
       3.85692873e-05, 1.55344020e-04, 3.58324534e-04, 6.58406453e-04]), 'a2': np.float64(0.4124502701361916)}",1.158855684405186,1.580661211026104,0.9479529210947272,0.2062251350680958,0.2502767390271329,0.23958710055998877,0.24493191979356083,4.7313379382398155,185.66914844351723,253.2498437711439,151.8788007797039,33.04090900274253,40.09875399993352,38.38608511624726,39.24241955809039,True,True,True,True,success
W,Nb,0.85,0.8515625,42,3.2805,-1346.9705726645425,2294.459656830692,2890.2734375,"{'family': 'hydrostatic', 'x': array([-0.01  , -0.0075, -0.005 , -0.0025,  0.0025,  0.005 ,  0.0075,
        0.01  ]), 'y': array([5.22378513e-04, 2.93217069e-04, 1.30600182e-04, 3.33023139e-05,
       2.92732590e-05, 1.19708024e-04, 2.70212091e-04, 4.80298949e-04]), 'a2': np.float64(5.014004481751645)}","{'family': 'normal', 'x': array([-0.01  , -0.0075, -0.005 , -0.0025,  0.0025,  0.005 ,  0.0075,
        0.01  ]), 'y': array([7.90712131e-05, 4.47078959e-05, 2.01869351e-05, 5.33714007e-06,
       4.03511729e-06, 1.73175462e-05, 3.97352794e-05, 7.11981191e-05]), 'a2': np.float64(0.7514844832988223)}","{'family': 'shear', 'x': array([-0.04, -0.03, -0.02, -0.01,  0.01,  0.02,  0.03,  0.04]), 'y': array([5.21960684e-04, 2.77681293e-04, 1.16159418e-04, 2.65614201e-05,
       3.26494172e-05, 1.28158307e-04, 2.95142489e-04, 5.44531790e-04]), 'a2': np.float64(0.33660617145725824)}",1.1142232181670322,1.5029689665976447,0.919850343951726,0.16830308572862912,0.21760557596636118,0.2025550056702217,0.21008029081829144,5.303797009357615,178.51823904997568,240.80217400706823,147.3762715714294,26.96512691629077,34.864256636902226,32.45288945108406,33.658573043993144,True,True,True,True,success
W,Nb,0.85,0.8515625,52,3.2805,-1346.9645087287602,2295.1257413165777,2890.2734375,"{'family': 'hydrostatic', 'x': array([-0.01  , -0.0075, -0.005 , -0.0025,  0.0025,  0.005 ,  0.0075,
        0.01  ]), 'y': array([5.25768757e-04, 2.95580123e-04, 1.32076049e-04, 3.40011219e-05,
       2.86134975e-05, 1.18407226e-04, 2.68281205e-04, 4.77784247e-04]), 'a2': np.float64(5.018484366525973)}","{'family': 'normal', 'x': array([-0.01  , -0.0075, -0.005 , -0.0025,  0.0025,  0.005 ,  0.0075,
        0.01  ]), 'y': array([8.16865519e-05, 4.66586228e-05, 2.14838300e-05, 5.98282892e-06,
       3.39428432e-06, 1.60425094e-05, 3.78324414e-05, 6.86798220e-05]), 'a2': np.float64(0.7519735509199672)}","{'family': 'shear', 'x': array([-0.04, -0.03, -0.02, -0.01,  0.01,  0.02,  0.03,  0.04]), 'y': array([5.32299968e-04, 2.84342192e-04, 1.20261428e-04, 2.86702241e-05,
       3.01638526e-05, 1.23413654e-04, 2.89163289e-04, 5.38484907e-04]), 'a2': np.float64(0.33824206859038175)}",1.115218748116883,1.5039471018399344,0.9208545712553573,0.16912103429519088,0.2180911266940299,0.2032623622633772,0.21067674447870355,5.293506651037204,178.67774053107138,240.95888854878595,147.5371665222141,27.09617672332698,34.94205043931055,32.566220470696315,33.75413545500343,True,True,True,True,success
W,Nb,0.85,0.8515625,62,3.2805,-1346.9493417646418,2294.9195685928266,2890.2734375,"{'family': 'hydrostatic', 'x': array([-0.01  , -0.0075, -0.005 , -0.0025,  0.0025,  0.005 ,  0.0075,
        0.01  ]), 'y': array([5.23271269e-04, 2.93804864e-04, 1.30935910e-04, 3.34415901e-05,
       2.91529682e-05, 1.19469303e-04, 2.69828711e-04, 4.79793155e-04]), 'a2': np.float64(5.015947347769592)}","{'family': 'normal', 'x': array([-0.01  , -0.0075, -0.005 , -0.0025,  0.0025,  0.005 ,  0.0075,
        0.01  ]), 'y': array([7.98732645e-05, 4.53145216e-05, 2.05959407e-05, 5.54126559e-06,
       3.82619379e-06, 1.68988439e-05, 3.91139115e-05, 7.03730862e-05]), 'a2': np.float64(0.751390014064895)}","{'family': 'shear', 'x': array([-0.04, -0.03, -0.02, -0.01,  0.01,  0.02,  0.03,  0.04]), 'y': array([5.47245796e-04, 2.96569343e-04, 1.28840569e-04, 3.27932593e-05,
       2.66426175e-05, 1.16517628e-04, 2.78400485e-04, 5.23109131e-04]), 'a2': np.float64(0.3378056099680618)}",1.1146549661710206,1.50278002812979,0.9205924351916359,0.1689028049840309,0.21777920157804936,0.2029852469824173,0.21038222428023334,5.298237386663798,178.5874127057824,240.7719027274716,147.49516769493783,27.061212533295603,34.892074526484116,32.52182170825427,33.706948117369194,True,True,True,True,success
W,Nb,0.9,0.8984375,42,3.287,-1329.6671419296217,2309.552046783124,2845.9765625,"{'family': 'hydrostatic', 'x': array([-0.01  , -0.0075, -0.005 , -0.0025,  0.0025,  0.005 ,  0.0075,
        0.01  ]), 'y': array([5.11637228e-04, 2.88233613e-04, 1.29315189e-04, 3.36674371e-05,
       2.69309309e-05, 1.13052318e-04, 2.57244318e-04, 4.58935643e-04]), 'a2': np.float64(4.853277911054985)}","{'family': 'normal', 'x': array([-0.01  , -0.0075, -0.005 , -0.0025,  0.0025,  0.005 ,  0.0075,
        0.01  ]), 'y': array([7.87322113e-05, 4.50847892e-05, 2.08573407e-05, 5.87931696e-06,
       3.08255395e-06, 1.50050164e-05, 3.56621712e-05, 6.49676423e-05]), 'a2': np.float64(0.7186349057195844)}","{'family': 'shear', 'x': array([-0.04, -0.03, -0.02, -0.01,  0.01,  0.02,  0.03,  0.04]), 'y': array([4.51126154e-04, 2.39636115e-04, 1.00988686e-04, 2.45975958e-05,
       2.24749866e-05, 9.66452663e-05, 2.32651534e-04, 4.41065850e-04]), 'a2': np.float64(0.2827276312508068)}",1.0785062024566632,1.4372698114391689,0.8991243979654104,0.1413638156254034,0.19244737206999374,0.1744909985381321,0.18346918530406292,5.8784051429086475,172.79574229638573,230.27600896694608,144.05560896110558,22.648980042210304,30.833468026494288,27.956539839784224,29.395003933139254,True,True,True,True,success
W,Nb,0.9,0.8984375,52,3.287,-1329.6866603660508,2309.336111966798,2845.9765625,"{'family': 'hydrostatic', 'x': array([-0.01  , -0.0075, -0.005 , -0.0025,  0.0025,  0.005 ,  0.0075,
        0.01  ]), 'y': array([5.09880913e-04, 2.86953523e-04, 1.28481250e-04, 3.32626100e-05,
       2.72873606e-05, 1.13705226e-04, 2.58124650e-04, 4.60055606e-04]), 'a2': np.float64(4.850139657463314)}","{'family': 'normal', 'x': array([-0.01  , -0.0075, -0.005 , -0.0025,  0.0025,  0.005 ,  0.0075,
        0.01  ]), 'y': array([7.80943716e-05, 4.46070226e-05, 2.05378839e-05, 5.71914477e-06,
       3.24150736e-06, 1.53233090e-05, 3.61397384e-05, 6.56041908e-05]), 'a2': np.float64(0.7186353535382244)}","{'family': 'shear', 'x': array([-0.04, -0.03, -0.02, -0.01,  0.01,  0.02,  0.03,  0.04]), 'y': array([4.35112523e-04, 2.28651383e-04, 9.43973646e-05, 2.15093040e-05,
       2.53576689e-05, 1.01928377e-04, 2.39601116e-04, 4.48918340e-04]), 'a2': np.float64(0.2800335528728324)}",1.0778088127696255,1.4372707070764488,0.8980778656162138,0.1400167764364162,0.1918486341538967,0.17334327150022255,0.18259595282705962,5.902698258544866,172.68400815116985,230.27615246385713,143.8879359948262,22.433160572620636,30.737539637378568,27.77265369706435,29.25509666722146,True,True,True,True,success
W,Nb,0.9,0.8984375,62,3.287,-1329.6249280511042,2309.1810508612753,2845.9765625,"{'family': 'hydrostatic', 'x': array([-0.01  , -0.0075, -0.005 , -0.0025,  0.0025,  0.005 ,  0.0075,
        0.01  ]), 'y': array([5.13846198e-04, 2.89933345e-04, 1.30467633e-04, 3.42500662e-05,
       2.63275880e-05, 1.11803609e-04, 2.55242917e-04, 4.56211503e-04]), 'a2': np.float64(4.850574111376535)}","{'family': 'normal', 'x': array([-0.01  , -0.0075, -0.005 , -0.0025,  0.0025,  0.005 ,  0.0075,
        0.01  ]), 'y': array([7.86244579e-05, 4.50117764e-05, 2.08135297e-05, 5.86031687e-06,
       3.09127684e-06, 1.50124592e-05, 3.56542370e-05, 6.49247106e-05]), 'a2': np.float64(0.7178856635506767)}","{'family': 'shear', 'x': array([-0.04, -0.03, -0.02, -0.01,  0.01,  0.02,  0.03,  0.04]), 'y': array([4.42872376e-04, 2.35270553e-04, 9.92625995e-05, 2.41341152e-05,
       2.22544678e-05, 9.55855076e-05, 2.30235313e-04, 4.37001885e-04]), 'a2': np.float64(0.27882542050741493)}",1.0779053580836744,1.4357713271013535,0.898972373574835,0.13941271025370747,0.19100741685752817,0.17258983028244942,0.1817986235699888,5.929117266769088,172.69947641567154,230.0359253096778,144.0312519686684,22.336378501085452,30.602761768853142,27.651939106638032,29.127350437745587,True,True,True,True,success
W,Nb,0.95,0.953125,42,3.2935,-1309.5574627990063,2327.1616199520813,2794.296875,"{'family': 'hydrostatic', 'x': array([-0.01  , -0.0075, -0.005 , -0.0025,  0.0025,  0.005 ,  0.0075,
        0.01  ]), 'y': array([4.86674949e-04, 2.73662275e-04, 1.22320405e-04, 3.14882896e-05,
       2.66417870e-05, 1.10183209e-04, 2.49573472e-04, 4.44249217e-04]), 'a2': np.float64(4.654946285131354)}","{'family': 'normal', 'x': array([-0.01  , -0.0075, -0.005 , -0.0025,  0.0025,  0.005 ,  0.0075,
        0.01  ]), 'y': array([7.29622152e-05, 4.15297255e-05, 1.89955567e-05, 5.19989000e-06,
       3.26555323e-06, 1.48820705e-05, 3.47524943e-05, 6.27935438e-05]), 'a2': np.float64(0.678914855672079)}","{'family': 'shear', 'x': array([-0.04, -0.03, -0.02, -0.01,  0.01,  0.02,  0.03,  0.04]), 'y': array([3.29712083e-04, 1.69576019e-04, 6.83748488e-05, 1.57468783e-05,
       1.60384156e-05, 6.90550539e-05, 1.70865468e-04, 3.31626410e-04]), 'a2': np.float64(0.21102443210234165)}",1.0344325078069676,1.357829711344158,0.8727339060383723,0.10551221605117082,0.1603264906918596,0.1363195660705323,0.14832302838119596,6.974186807650905,165.7343579803837,217.54830185432223,139.8273860434144,16.90492057659844,25.687135508140628,21.840802171580776,23.763968839860702,True,True,True,True,success
W,Nb,0.95,0.953125,52,3.2935,-1309.5598263209035,2327.073429169168,2794.296875,"{'family': 'hydrostatic', 'x': array([-0.01  , -0.0075, -0.005 , -0.0025,  0.0025,  0.005 ,  0.0075,
        0.01  ]), 'y': array([4.88668953e-04, 2.75160895e-04, 1.23323973e-04, 3.19863799e-05,
       2.61498361e-05, 1.09206640e-04, 2.48098034e-04, 4.42290675e-04]), 'a2': np.float64(4.655071432314929)}","{'family': 'normal', 'x': array([-0.01  , -0.0075, -0.005 , -0.0025,  0.0025,  0.005 ,  0.0075,
        0.01  ]), 'y': array([7.43704920e-05, 4.25951101e-05, 1.97104771e-05, 5.55913731e-06,
       2.90615291e-06, 1.41663200e-05, 3.36807428e-05, 6.13753588e-05]), 'a2': np.float64(0.6788591220798387)}","{'family': 'shear', 'x': array([-0.04, -0.03, -0.02, -0.01,  0.01,  0.02,  0.03,  0.04]), 'y': array([3.34303917e-04, 1.72389350e-04, 6.95147301e-05, 1.59637217e-05,
       1.64134912e-05, 7.03844183e-05, 1.73613241e-04, 3.35766470e-04]), 'a2': np.float64(0.21374043720263075)}",1.0344603182922065,1.3577182441596773,0.8728313553584711,0.10687021860131538,0.16109950892103048,0.1376622498349039,0.14938087937796718,6.924984794571931,165.73881371130997,217.53044284262612,139.84299914565193,17.122496570281278,25.810986681563605,22.05592382522117,23.933455253392385,True,True,True,True,success
W,Nb,0.95,0.953125,62,3.2935,-1309.559705710549,2327.2417284402704,2794.296875,"{'family': 'hydrostatic', 'x': array([-0.01  , -0.0075, -0.005 , -0.0025,  0.0025,  0.005 ,  0.0075,
        0.01  ]), 'y': array([4.85647600e-04, 2.72877187e-04, 1.21792072e-04, 3.12218099e-05,
       2.69053911e-05, 1.10686264e-04, 2.50268825e-04, 4.45092908e-04]), 'a2': np.float64(4.65396115290179)}","{'family': 'normal', 'x': array([-0.01  , -0.0075, -0.005 , -0.0025,  0.0025,  0.005 ,  0.0075,
        0.01  ]), 'y': array([7.15783112e-05, 4.04862836e-05, 1.82967171e-05, 4.84954298e-06,
       3.62020098e-06, 1.55938849e-05, 3.58206445e-05, 6.42195708e-05]), 'a2': np.float64(0.6791143853512684)}","{'family': 'shear', 'x': array([-0.04, -0.03, -0.02, -0.01,  0.01,  0.02,  0.03,  0.04]), 'y': array([3.32793204e-04, 1.71734387e-04, 6.93884854e-05, 1.60600588e-05,
       1.59534559e-05, 6.92891715e-05, 1.71937570e-04, 3.33821039e-04]), 'a2': np.float64(0.21272361835598855)}",1.034213589533731,1.358228770702537,0.872205998949328,0.10636180917799427,0.16102163985743834,0.13722812442738466,0.14912488214241149,6.935218151898194,165.69928340645913,217.61223821175287,139.74280600381226,17.04104040109733,25.798510682246516,21.986369267378908,23.89243997481271,True,True,True,True,success
W,Nb,1.0,1.0,42,3.3,-1292.4023052769746,2343.807902124424,2750.0,"{'family': 'hydrostatic', 'x': array([-0.01  , -0.0075, -0.005 , -0.0025,  0.0025,  0.005 ,  0.0075,
        0.01  ]), 'y': array([4.43001154e-04, 2.44647169e-04, 1.05395751e-04, 2.42416368e-05,
       3.16235274e-05, 1.18120092e-04, 2.58728157e-04, 4.52654087e-04]), 'a2': np.float64(4.479195978739866)}","{'family': 'normal', 'x': array([-0.01  , -0.0075, -0.005 , -0.0025,  0.0025,  0.005 ,  0.0075,
        0.01  ]), 'y': array([6.03058497e-05, 3.27333369e-05, 1.35977357e-05, 2.73797400e-06,
       5.25310312e-06, 1.84492259e-05, 3.94621088e-05, 6.81713549e-05]), 'a2': np.float64(0.6426313428561902)}","{'family': 'shear', 'x': array([-0.04, -0.03, -0.02, -0.01,  0.01,  0.02,  0.03,  0.04]), 'y': array([2.42268142e-04, 1.19795663e-04, 4.48989016e-05, 9.73779308e-06,
       9.73710551e-06, 4.48970560e-05, 1.19794252e-04, 2.42270314e-04]), 'a2': np.float64(0.15647631998879322)}",0.9953768841644146,1.2852626857123803,0.8504339833904316,0.07823815999439661,0.1339086364610277,0.10516688080680152,0.11953775863391461,8.326882614662072,159.4769572692975,205.92178266349939,136.2545445721965,12.53513507974321,21.454528666106505,16.849591771111765,19.152060218609133,True,True,True,True,success
W,Nb,1.0,1.0,52,3.3,-1292.4023022235478,2343.807903579065,2750.0,"{'family': 'hydrostatic', 'x': array([-0.01  , -0.0075, -0.005 , -0.0025,  0.0025,  0.005 ,  0.0075,
        0.01  ]), 'y': array([4.42999742e-04, 2.44645830e-04, 1.05393579e-04, 2.42415644e-05,
       3.16217903e-05, 1.18119043e-04, 2.58727904e-04, 4.52652603e-04]), 'a2': np.float64(4.479193518551493)}","{'family': 'normal', 'x': array([-0.01  , -0.0075, -0.005 , -0.0025,  0.0025,  0.005 ,  0.0075,
        0.01  ]), 'y': array([6.03038593e-05, 3.27327216e-05, 1.35966501e-05, 2.73750356e-06,
       5.25132991e-06, 1.84472717e-05, 3.94614212e-05, 6.81702330e-05]), 'a2': np.float64(0.6426293675533579)}","{'family': 'shear', 'x': array([-0.04, -0.03, -0.02, -0.01,  0.01,  0.02,  0.03,  0.04]), 'y': array([2.42268794e-04, 1.19793781e-04, 4.48962236e-05, 9.73569418e-06,
       9.73536849e-06, 4.48970559e-05, 1.19794396e-04, 2.42269119e-04]), 'a2': np.float64(0.15647736976060586)}",0.9953763374558873,1.2852587351067157,0.8504351386304729,0.07823868488030293,0.13390793022343034,0.10516721089876434,0.11953757056109734,8.326891142121182,159.4768696769354,205.921149706696,136.25472966205507,12.53521917573598,21.45441551436978,16.849644657674318,19.15203008602205,True,True,True,True,success
W,Nb,1.0,1.0,62,3.3,-1292.4023019690956,2343.807910347156,2750.0,"{'family': 'hydrostatic', 'x': array([-0.01  , -0.0075, -0.005 , -0.0025,  0.0025,  0.005 ,  0.0075,
        0.01  ]), 'y': array([4.42999234e-04, 2.44645214e-04, 1.05392928e-04, 2.42394292e-05,
       3.16226949e-05, 1.18118717e-04, 2.58726492e-04, 4.52653868e-04]), 'a2': np.float64(4.479202706873049)}","{'family': 'normal', 'x': array([-0.01  , -0.0075, -0.005 , -0.0025,  0.0025,  0.005 ,  0.0075,
        0.01  ]), 'y': array([6.03047638e-05, 3.27317807e-05, 1.35967948e-05, 2.73721405e-06,
       5.25158321e-06, 1.84461860e-05, 3.94592860e-05, 6.81702328e-05]), 'a2': np.float64(0.6426334613791113)}","{'family': 'shear', 'x': array([-0.04, -0.03, -0.02, -0.01,  0.01,  0.02,  0.03,  0.04]), 'y': array([2.42270204e-04, 1.19793093e-04, 4.48971282e-05, 9.73576653e-06,
       9.73511515e-06, 4.48960064e-05, 1.19793383e-04, 2.42267961e-04]), 'a2': np.float64(0.15647741910215315)}",0.995378379305122,1.2852669227582225,0.8504341075785716,0.07823870955107658,0.1339097887665761,0.1051676690512622,0.11953872890891915,8.326827534392946,159.4771968172461,205.92246151307836,136.25456446932995,12.535223128429655,21.454713285807472,16.8497180617964,19.152215673801933,True,True,True,True,success
W,Mo,0.0,0.0,42,3.17,-1658.1402415254554,2061.8040004084423,3695.0,"{'family': 'hydrostatic', 'x': array([-0.01  , -0.0075, -0.005 , -0.0025,  0.0025,  0.005 ,  0.0075,
        0.01  ]), 'y': array([9.12809034e-04, 5.10876662e-04, 2.27164504e-04, 5.81310352e-05,
       4.88393140e-05, 2.00459619e-04, 4.50654773e-04, 7.95686697e-04]), 'a2': np.float64(8.54109715538035)}","{'family': 'normal', 'x': array([-0.01  , -0.0075, -0.005 , -0.0025,  0.0025,  0.005 ,  0.0075,
        0.01  ]), 'y': array([1.72664756e-04, 9.74463658e-05, 4.38612683e-05, 1.15480294e-05,
       8.75166847e-06, 3.73539781e-05, 8.53911937e-05, 1.52371146e-04]), 'a2': np.float64(1.6253396030072234)}","{'family': 'shear', 'x': array([-0.04, -0.03, -0.02, -0.01,  0.01,  0.02,  0.03,  0.04]), 'y': array([0.00292183, 0.00162887, 0.00072093, 0.00018004, 0.00018004,
       0.00072093, 0.00162888, 0.00292184]), 'a2': np.float64(1.828323848121119)}",1.898021590084522,3.2506792060144467,1.22169278211956,0.9141619240605595,0.9542944392153132,0.9518149383826929,0.953054688799003,1.991513826427237,304.09658174070626,520.8162225597054,195.73676133120674,146.46488623553734,152.89482398702214,152.4975641604943,152.69619407375822,True,True,True,True,success
W,Mo,0.0,0.0,52,3.17,-1658.140243052169,2061.8039988919954,3695.0,"{'family': 'hydrostatic', 'x': array([-0.01  , -0.0075, -0.005 , -0.0025,  0.0025,  0.005 ,  0.0075,
        0.01  ]), 'y': array([9.12807471e-04, 5.10872549e-04, 2.27164586e-04, 5.81312821e-05,
       4.88413709e-05, 2.00459537e-04, 4.50655350e-04, 7.95687602e-04]), 'a2': np.float64(8.541081114859121)}","{'family': 'normal', 'x': array([-0.01  , -0.0075, -0.005 , -0.0025,  0.0025,  0.005 ,  0.0075,
        0.01  ]), 'y': array([1.72663933e-04, 9.74456254e-05, 4.38601165e-05, 1.15489344e-05,
       8.74977615e-06, 3.73535668e-05, 8.53915228e-05, 1.52370488e-04]), 'a2': np.float64(1.6253387878309928)}","{'family': 'shear', 'x': array([-0.04, -0.03, -0.02, -0.01,  0.01,  0.02,  0.03,  0.04]), 'y': array([0.00292183, 0.00162887, 0.00072093, 0.00018005, 0.00018004,
       0.00072093, 0.00162888, 0.00292184]), 'a2': np.float64(1.828323674073531)}",1.8980180255242491,3.2506775756619857,1.221688250455381,0.9141618370367655,0.9542949672633803,0.9518153925548156,0.9530551799090979,1.991509060058077,304.09601063519295,520.8159613484456,195.73603527856665,146.46487229278853,152.8949085896489,152.49763692688998,152.69627275826946,True,True,True,True,success
W,Mo,0.0,0.0,62,3.17,-1658.1402401683767,2061.8040012685806,3695.0,"{'family': 'hydrostatic', 'x': array([-0.01  , -0.0075, -0.005 , -0.0025,  0.0025,  0.005 ,  0.0075,
        0.01  ]), 'y': array([9.12809363e-04, 5.10873782e-04, 2.27166396e-04, 5.81317757e-05,
       4.88395608e-05, 2.00457315e-04, 4.50648520e-04, 7.95686285e-04]), 'a2': np.float64(8.54108513584814)}","{'family': 'normal', 'x': array([-0.01  , -0.0075, -0.005 , -0.0025,  0.0025,  0.005 ,  0.0075,
        0.01  ]), 'y': array([1.72665003e-04, 9.74471063e-05, 4.38606101e-05, 1.15496749e-05,
       8.74977614e-06, 3.73552122e-05, 8.53909468e-05, 1.52369089e-04]), 'a2': np.float64(1.625330265079409)}","{'family': 'shear', 'x': array([-0.04, -0.03, -0.02, -0.01,  0.01,  0.02,  0.03,  0.04]), 'y': array([0.00292183, 0.00162887, 0.00072093, 0.00018004, 0.00018004,
       0.00072093, 0.00162888, 0.00292183]), 'a2': np.float64(1.828322190698159)}",1.8980189190773646,3.250660530158818,1.2216981135366378,0.9141610953490795,0.9542891405338837,0.9518101728382482,0.953049656686066,1.991521539052997,304.09615379818405,520.8132303577792,195.73761551838652,146.4647534613215,152.8939750446714,152.49680063610484,152.69538784038812,True,True,True,True,success
W,Mo,0.05,0.046875,42,3.169,-1646.0275618100989,2061.4112653423413,3657.546875,"{'family': 'hydrostatic', 'x': array([-0.01  , -0.0075, -0.005 , -0.0025,  0.0025,  0.005 ,  0.0075,
        0.01  ]), 'y': array([8.74762155e-04, 4.84396344e-04, 2.10837874e-04, 5.05949081e-05,
       5.52028538e-05, 2.12145060e-04, 4.66876506e-04, 8.16019406e-04]), 'a2': np.float64(8.452977874245182)}","{'family': 'normal', 'x': array([-0.01  , -0.0075, -0.005 , -0.0025,  0.0025,  0.005 ,  0.0075,
        0.01  ]), 'y': array([1.62409020e-04, 8.99401120e-05, 3.90180164e-05, 9.18733656e-06,
       1.10097447e-05, 4.17657826e-05, 9.18281880e-05, 1.60764935e-04]), 'a2': np.float64(1.61588014982628)}","{'family': 'shear', 'x': array([-0.04, -0.03, -0.02, -0.01,  0.01,  0.02,  0.03,  0.04]), 'y': array([0.00287463, 0.0016031 , 0.00070976, 0.00017732, 0.00017718,
       0.00070946, 0.00160263, 0.00287395]), 'a2': np.float64(1.7984500485306487)}",1.8784395276100403,3.23176029965256,1.2017791415887804,0.8992250242653244,0.9455312461719505,0.9422108670853679,0.9438710566286592,1.9901442198254227,300.95918947234026,517.7850796132934,192.5462444018637,144.07173107162154,151.49080568525886,150.95882231078727,151.22481399802305,True,True,True,True,success
W,Mo,0.05,0.046875,52,3.169,-1646.0257592705398,2061.4378852177424,3657.546875,"{'family': 'hydrostatic', 'x': array([-0.01  , -0.0075, -0.005 , -0.0025,  0.0025,  0.005 ,  0.0075,
        0.01  ]), 'y': array([8.74145044e-04, 4.83943092e-04, 2.10543023e-04, 5.04484376e-05,
       5.53365198e-05, 2.12425808e-04, 4.67294926e-04, 8.16583661e-04]), 'a2': np.float64(8.452749073583643)}","{'family': 'normal', 'x': array([-0.01  , -0.0075, -0.005 , -0.0025,  0.0025,  0.005 ,  0.0075,
        0.01  ]), 'y': array([1.62194368e-04, 8.97835879e-05, 3.89116059e-05, 9.13479947e-06,
       1.10579065e-05, 4.18586419e-05, 9.19673059e-05, 1.60949903e-04]), 'a2': np.float64(1.6157545397870958)}","{'family': 'shear', 'x': array([-0.04, -0.03, -0.02, -0.01,  0.01,  0.02,  0.03,  0.04]), 'y': array([0.00287463, 0.00160313, 0.00070979, 0.00017733, 0.00017717,
       0.00070943, 0.00160257, 0.00287385]), 'a2': np.float64(1.7984133314294133)}",1.8783886830185874,3.2315090795741916,1.2018284847407852,0.8992066657147066,0.9454601183955053,0.9421469690947657,0.9438035437451355,1.9902327083504012,300.95104327076825,517.7448297196696,192.55415004631755,144.0687897075624,151.47940975920784,150.94858472412136,151.21399724166463,True,True,True,True,success
W,Mo,0.05,0.046875,62,3.169,-1646.0265658840917,2061.4373309975354,3657.546875,"{'family': 'hydrostatic', 'x': array([-0.01  , -0.0075, -0.005 , -0.0025,  0.0025,  0.005 ,  0.0075,
        0.01  ]), 'y': array([8.73324851e-04, 4.83337159e-04, 2.10145950e-04, 5.02542478e-05,
       5.55242372e-05, 2.12789586e-04, 4.67833308e-04, 8.17293464e-04]), 'a2': np.float64(8.452202697871327)}","{'family': 'normal', 'x': array([-0.01  , -0.0075, -0.005 , -0.0025,  0.0025,  0.005 ,  0.0075,
        0.01  ]), 'y': array([1.61906892e-04, 8.95700705e-05, 3.87732053e-05, 9.06567868e-06,
       1.11253869e-05, 4.19963236e-05, 9.21756056e-05, 1.61224382e-04]), 'a2': np.float64(1.615689346648233)}","{'family': 'shear', 'x': array([-0.04, -0.03, -0.02, -0.01,  0.01,  0.02,  0.03,  0.04]), 'y': array([0.00287413, 0.00160281, 0.00070961, 0.00017727, 0.00017717,
       0.00070938, 0.00160241, 0.00287354]), 'a2': np.float64(1.7981659000269015)}",1.8782672661936282,3.231378693296466,1.2017115526422093,0.8990829500134507,0.9453831981389218,0.9420631580422002,0.943723178090561,1.9902735355021521,300.93159015093613,517.7239395350852,192.53541545886162,144.04896826714457,151.46708577553144,150.93515671322285,151.20112124437716,True,True,True,True,success
W,Mo,0.1,0.1015625,42,3.168,-1631.882695393737,2059.899917129537,3613.8515625,"{'family': 'hydrostatic', 'x': array([-0.01  , -0.0075, -0.005 , -0.0025,  0.0025,  0.005 ,  0.0075,
        0.01  ]), 'y': array([8.60244549e-04, 4.75495328e-04, 2.06161032e-04, 4.88436952e-05,
       5.59115521e-05, 2.12729678e-04, 4.66751464e-04, 8.14966240e-04]), 'a2': np.float64(8.37558778751194)}","{'family': 'normal', 'x': array([-0.01  , -0.0075, -0.005 , -0.0025,  0.0025,  0.005 ,  0.0075,
        0.01  ]), 'y': array([1.60030062e-04, 8.83244936e-05, 3.80430323e-05, 8.75209949e-06,
       1.13578498e-05, 4.23837535e-05, 9.26567326e-05, 1.61746668e-04]), 'a2': np.float64(1.6089089117969315)}","{'family': 'shear', 'x': array([-0.04, -0.03, -0.02, -0.01,  0.01,  0.02,  0.03,  0.04]), 'y': array([0.00282827, 0.00157801, 0.00069896, 0.00017472, 0.00017435,
       0.0006982 , 0.00157682, 0.00282664]), 'a2': np.float64(1.7689931991980976)}",1.8612417305582087,3.217817823593863,1.1829536840403814,0.8844965995990488,0.9376707876701256,0.9332723362848746,0.9354715619775,1.9896294085345754,298.2037986357695,515.5512486955625,189.5300736058729,141.71197730546947,150.23142140121962,149.52671180350217,149.87906660236087,True,True,True,True,success
W,Mo,0.1,0.1015625,52,3.168,-1631.8787069399336,2059.950834164333,3613.8515625,"{'family': 'hydrostatic', 'x': array([-0.01  , -0.0075, -0.005 , -0.0025,  0.0025,  0.005 ,  0.0075,
        0.01  ]), 'y': array([8.59104164e-04, 4.74656133e-04, 2.05613586e-04, 4.85746068e-05,
       5.61632285e-05, 2.13215631e-04, 4.67457433e-04, 8.15856876e-04]), 'a2': np.float64(8.374351005276628)}","{'family': 'normal', 'x': array([-0.01  , -0.0075, -0.005 , -0.0025,  0.0025,  0.005 ,  0.0075,
        0.01  ]), 'y': array([1.59594762e-04, 8.80006554e-05, 3.78300434e-05, 8.64581770e-06,
       1.14626463e-05, 4.25925310e-05, 9.29672861e-05, 1.62158203e-04]), 'a2': np.float64(1.6087864114520831)}","{'family': 'shear', 'x': array([-0.04, -0.03, -0.02, -0.01,  0.01,  0.02,  0.03,  0.04]), 'y': array([0.0028256 , 0.00157609, 0.00069776, 0.00017415, 0.0001749 ,
       0.00069933, 0.00157855, 0.00282895]), 'a2': np.float64(1.7688753630613843)}",1.8609668900614729,3.2175728229041662,1.1826639236401262,0.8844376815306921,0.9376443887712232,0.9332405096057531,0.9354424491884882,1.9893975216496669,298.1597643339376,515.5119952578514,189.48364887198065,141.70253759030308,150.22719183135598,149.52161260738154,149.87440221936876,True,True,True,True,success
W,Mo,0.1,0.1015625,62,3.168,-1631.8809646097052,2059.861185270083,3613.8515625,"{'family': 'hydrostatic', 'x': array([-0.01  , -0.0075, -0.005 , -0.0025,  0.0025,  0.005 ,  0.0075,
        0.01  ]), 'y': array([8.60863216e-04, 4.75934808e-04, 2.06441284e-04, 4.89753895e-05,
       5.58011804e-05, 2.12528867e-04, 4.66497536e-04, 8.14649766e-04]), 'a2': np.float64(8.37709496290045)}","{'family': 'normal', 'x': array([-0.01  , -0.0075, -0.005 , -0.0025,  0.0025,  0.005 ,  0.0075,
        0.01  ]), 'y': array([1.60228576e-04, 8.84702714e-05, 3.81370531e-05, 8.79451092e-06,
       1.13182047e-05, 4.23113390e-05, 9.25520754e-05, 1.61615969e-04]), 'a2': np.float64(1.6092465883130436)}","{'family': 'shear', 'x': array([-0.04, -0.03, -0.02, -0.01,  0.01,  0.02,  0.03,  0.04]), 'y': array([0.00282668, 0.00157692, 0.00069833, 0.00017445, 0.00017455,
       0.00069855, 0.00157732, 0.0028273 ]), 'a2': np.float64(1.7687091683124991)}",1.8615766584223223,3.218493176626087,1.18311839932044,0.8843545841562496,0.9376877059548793,0.9332633642291986,0.935475535092039,1.9899789877873897,298.2574599951232,515.6594521794642,189.55646390295274,141.68922392324492,150.23413200924924,149.52527432171772,149.87970316548348,True,True,True,True,success
W,Mo,0.15,0.1484375,42,3.167,-1619.7256307286652,2058.410433370359,3576.3984375,"{'family': 'hydrostatic', 'x': array([-0.01  , -0.0075, -0.005 , -0.0025,  0.0025,  0.005 ,  0.0075,
        0.01  ]), 'y': array([8.51346546e-04, 4.70423542e-04, 2.03782432e-04, 4.81171531e-05,
       5.58391077e-05, 2.11975199e-04, 4.64908543e-04, 8.11881104e-04]), 'a2': np.float64(8.316009768859473)}","{'family': 'normal', 'x': array([-0.01  , -0.0075, -0.005 , -0.0025,  0.0025,  0.005 ,  0.0075,
        0.01  ]), 'y': array([1.58858195e-04, 8.75764145e-05, 3.76266971e-05, 8.57622278e-06,
       1.14624064e-05, 4.25448787e-05, 9.28297599e-05, 1.61900052e-04]), 'a2': np.float64(1.6038466737388224)}","{'family': 'shear', 'x': array([-0.04, -0.03, -0.02, -0.01,  0.01,  0.02,  0.03,  0.04]), 'y': array([0.00278629, 0.00155483, 0.00068861, 0.00017194, 0.00017249,
       0.00068971, 0.00155651, 0.00278859]), 'a2': np.float64(1.7438206839992982)}",1.8480021708576606,3.207693347477645,1.1681565825476685,0.8719103419996491,0.9310535581857847,0.9255916150518312,0.928322586618808,1.990689656263309,296.0825873335791,513.9291288024373,187.15931659914997,139.695436538557,149.17122436379168,148.29612460445574,148.7336744841237,True,True,True,True,success
W,Mo,0.15,0.1484375,52,3.167,-1619.7264566805864,2058.4687417248506,3576.3984375,"{'family': 'hydrostatic', 'x': array([-0.01  , -0.0075, -0.005 , -0.0025,  0.0025,  0.005 ,  0.0075,
        0.01  ]), 'y': array([8.51129843e-04, 4.70268721e-04, 2.03684940e-04, 4.80753276e-05,
       5.58717254e-05, 2.12007926e-04, 4.64924052e-04, 8.11875248e-04]), 'a2': np.float64(8.314884685239697)}","{'family': 'normal', 'x': array([-0.01  , -0.0075, -0.005 , -0.0025,  0.0025,  0.005 ,  0.0075,
        0.01  ]), 'y': array([1.58890614e-04, 8.76010461e-05, 3.76409592e-05, 8.58628088e-06,
       1.14532641e-05, 4.25272743e-05, 9.28034792e-05, 1.61862421e-04]), 'a2': np.float64(1.60382122545098)}","{'family': 'shear', 'x': array([-0.04, -0.03, -0.02, -0.01,  0.01,  0.02,  0.03,  0.04]), 'y': array([0.00279096, 0.00155805, 0.00069053, 0.00017278, 0.00017183,
       0.00068846, 0.00155464, 0.00278602]), 'a2': np.float64(1.744456685511987)}",1.8477521522754883,3.20764245090196,1.1678070029622525,0.8722283427559935,0.9313040952415376,0.925855835326837,0.9285799652841873,1.989868639595291,296.04252994086687,513.9209742720732,187.10330777526372,139.74638587627817,149.2113648251288,148.3384573591913,148.77491109216004,True,True,True,True,success
W,Mo,0.15,0.1484375,62,3.167,-1619.769585484486,2058.287853110492,3576.3984375,"{'family': 'hydrostatic', 'x': array([-0.01  , -0.0075, -0.005 , -0.0025,  0.0025,  0.005 ,  0.0075,
        0.01  ]), 'y': array([8.54649940e-04, 4.72875232e-04, 2.05394171e-04, 4.89087350e-05,
       5.50808315e-05, 2.10481103e-04, 4.62708951e-04, 8.09026534e-04]), 'a2': np.float64(8.318220570137937)}","{'family': 'normal', 'x': array([-0.01  , -0.0075, -0.005 , -0.0025,  0.0025,  0.005 ,  0.0075,
        0.01  ]), 'y': array([1.60042077e-04, 8.84539981e-05, 3.82034564e-05, 8.86444603e-06,
       1.11912003e-05, 4.20073437e-05, 9.20307482e-05, 1.60848924e-04]), 'a2': np.float64(1.6044658158935645)}","{'family': 'shear', 'x': array([-0.04, -0.03, -0.02, -0.01,  0.01,  0.02,  0.03,  0.04]), 'y': array([0.00278787, 0.00155586, 0.00068919, 0.00017217, 0.00017242,
       0.00068978, 0.00155692, 0.00278952]), 'a2': np.float64(1.7446016914428242)}",1.8484934600306526,3.208931631787129,1.1682743741524142,0.8723008457214121,0.9315119589597902,0.9260402722917723,0.9287761156257812,1.9902465501981537,296.1613005362811,514.1275238194933,187.17818889467497,139.7580021318914,149.2446682640985,148.36800741851437,148.80633784130643,True,True,True,True,success
W,Mo,0.2,0.203125,42,3.166,-1605.5517031540944,2056.576581127225,3532.703125,"{'family': 'hydrostatic', 'x': array([-0.01  , -0.0075, -0.005 , -0.0025,  0.0025,  0.005 ,  0.0075,
        0.01  ]), 'y': array([8.42257012e-04, 4.65429012e-04, 2.01586625e-04, 4.75428309e-05,
       5.55319084e-05, 2.10657316e-04, 4.62130556e-04, 8.07503585e-04]), 'a2': np.float64(8.248970436901542)}","{'family': 'normal', 'x': array([-0.01  , -0.0075, -0.005 , -0.0025,  0.0025,  0.005 ,  0.0075,
        0.01  ]), 'y': array([1.58204785e-04, 8.72438183e-05, 3.75009722e-05, 8.56184696e-06,
       1.14131565e-05, 4.23780905e-05, 9.24913726e-05, 1.61355677e-04]), 'a2': np.float64(1.5977999835968868)}","{'family': 'shear', 'x': array([-0.04, -0.03, -0.02, -0.01,  0.01,  0.02,  0.03,  0.04]), 'y': array([0.00274215, 0.00153108, 0.00067854, 0.00016964, 0.00016952,
       0.00067834, 0.00153085, 0.00274193]), 'a2': np.float64(1.7152701549925764)}",1.8331045415336762,3.1955999671937736,1.1518568287036275,0.8576350774962882,0.9233296741958021,0.9165593061163103,0.9199444901560563,1.9926251650495939,293.69572399275586,511.9915556867111,184.54780814577822,137.40828703425493,147.93372172873953,146.84898918362228,147.39135545618092,True,True,True,True,success
W,Mo,0.2,0.203125,52,3.166,-1605.573061025655,2056.603309792673,3532.703125,"{'family': 'hydrostatic', 'x': array([-0.01  , -0.0075, -0.005 , -0.0025,  0.0025,  0.005 ,  0.0075,
        0.01  ]), 'y': array([8.43259617e-04, 4.66153515e-04, 2.02055807e-04, 4.77675565e-05,
       5.53265464e-05, 2.10265093e-04, 4.61565150e-04, 8.06755444e-04]), 'a2': np.float64(8.250214697089968)}","{'family': 'normal', 'x': array([-0.01  , -0.0075, -0.005 , -0.0025,  0.0025,  0.005 ,  0.0075,
        0.01  ]), 'y': array([1.58271273e-04, 8.72726257e-05, 3.75116200e-05, 8.55736408e-06,
       1.14174622e-05, 4.24043467e-05, 9.25430422e-05, 1.61440847e-04]), 'a2': np.float64(1.59859489154872)}","{'family': 'shear', 'x': array([-0.04, -0.03, -0.02, -0.01,  0.01,  0.02,  0.03,  0.04]), 'y': array([0.00274307, 0.00153179, 0.00067898, 0.00016981, 0.00016941,
       0.00067811, 0.00153036, 0.00274101]), 'a2': np.float64(1.7152385399694023)}",1.8333810437977707,3.19718978309744,1.1514766741479359,0.8576192699847012,0.9237141837807215,0.9168652402550318,0.9202897120178766,1.9921781367932507,293.7400245390689,512.2462722739341,184.48690067163625,137.40575439170513,147.99532695548265,146.8980052360787,147.44666609578067,True,True,True,True,success
W,Mo,0.2,0.203125,62,3.166,-1605.5735032636217,2056.7053528563165,3532.703125,"{'family': 'hydrostatic', 'x': array([-0.01  , -0.0075, -0.005 , -0.0025,  0.0025,  0.005 ,  0.0075,
        0.01  ]), 'y': array([8.42694863e-04, 4.65766407e-04, 2.01817481e-04, 4.76618405e-05,
       5.53923413e-05, 2.10361389e-04, 4.61679660e-04, 8.06905779e-04]), 'a2': np.float64(8.24824578389261)}","{'family': 'normal', 'x': array([-0.01  , -0.0075, -0.005 , -0.0025,  0.0025,  0.005 ,  0.0075,
        0.01  ]), 'y': array([1.58260038e-04, 8.72794304e-05, 3.75152025e-05, 8.56617715e-06,
       1.14050188e-05, 4.23654573e-05, 9.24757667e-05, 1.61334852e-04]), 'a2': np.float64(1.5980119574891425)}","{'family': 'shear', 'x': array([-0.04, -0.03, -0.02, -0.01,  0.01,  0.02,  0.03,  0.04]), 'y': array([0.00274026, 0.00152958, 0.0006774 , 0.00016894, 0.00017054,
       0.00068073, 0.00153482, 0.00274754]), 'a2': np.float64(1.7163875629829661)}",1.832943507531691,3.196023914978285,1.151403303808394,0.8581937814914831,0.923840391128868,0.91708334990037,0.920461870514619,1.9913301856891852,293.66992350144244,512.0594796095895,184.47514544736885,137.4978012821598,148.01554760174,146.93295025353189,147.47424892763595,True,True,True,True,success
W,Mo,0.25,0.25,42,3.165,-1593.426949171775,2054.9709974686443,3495.25,"{'family': 'hydrostatic', 'x': array([-0.01  , -0.0075, -0.005 , -0.0025,  0.0025,  0.005 ,  0.0075,
        0.01  ]), 'y': array([8.36244666e-04, 4.62410729e-04, 2.00495499e-04, 4.74219790e-05,
       5.49500739e-05, 2.08947642e-04, 4.58966144e-04, 8.02785769e-04]), 'a2': np.float64(8.195568792253708)}","{'family': 'normal', 'x': array([-0.01  , -0.0075, -0.005 , -0.0025,  0.0025,  0.005 ,  0.0075,
        0.01  ]), 'y': array([1.57814942e-04, 8.70633472e-05, 3.74464856e-05, 8.56168495e-06,
       1.13616482e-05, 4.22403258e-05, 9.22328658e-05, 1.60946502e-04]), 'a2': np.float64(1.5938053248857507)}","{'family': 'shear', 'x': array([-0.04, -0.03, -0.02, -0.01,  0.01,  0.02,  0.03,  0.04]), 'y': array([0.00270242, 0.00150925, 0.00066882, 0.00016701, 0.00016785,
       0.00067057, 0.00151202, 0.00270626]), 'a2': np.float64(1.691518460260098)}",1.8212375093897128,3.1876106497715013,1.1380509391988187,0.845759230130049,0.917367480192566,0.9092979865427653,0.9133327333676656,1.9940569771044947,291.79441584682183,510.7115259276996,182.33586080638295,135.50556653401713,146.97847294467363,145.68559753793315,146.3320352413034,True,True,True,True,success
W,Mo,0.25,0.25,52,3.165,-1593.422098803469,2054.99083723342,3495.25,"{'family': 'hydrostatic', 'x': array([-0.01  , -0.0075, -0.005 , -0.0025,  0.0025,  0.005 ,  0.0075,
        0.01  ]), 'y': array([8.35539725e-04, 4.61866155e-04, 2.00123419e-04, 4.72267086e-05,
       5.51496391e-05, 2.09373469e-04, 4.59625232e-04, 8.03701728e-04]), 'a2': np.float64(8.19665368120489)}","{'family': 'normal', 'x': array([-0.01  , -0.0075, -0.005 , -0.0025,  0.0025,  0.005 ,  0.0075,
        0.01  ]), 'y': array([1.57697851e-04, 8.69721169e-05, 3.73903218e-05, 8.53279313e-06,
       1.13862203e-05, 4.22853193e-05, 9.23010678e-05, 1.61036576e-04]), 'a2': np.float64(1.593683150284659)}","{'family': 'shear', 'x': array([-0.04, -0.03, -0.02, -0.01,  0.01,  0.02,  0.03,  0.04]), 'y': array([0.0027003 , 0.00150773, 0.00066792, 0.00016666, 0.00016797,
       0.00067058, 0.00151175, 0.00270561]), 'a2': np.float64(1.6906806965726278)}",1.8214785958233088,3.187366300569318,1.1385347434503044,0.8453403482863139,0.916970520395591,0.908892814054832,0.9129316672252115,1.995197079053637,291.8330421515718,510.6723768697947,182.41337479246036,135.43845426432614,146.91487297406255,145.62068174917735,146.26777736161995,True,True,True,True,success
W,Mo,0.25,0.25,62,3.165,-1593.4427571010472,2055.035280395348,3495.25,"{'family': 'hydrostatic', 'x': array([-0.01  , -0.0075, -0.005 , -0.0025,  0.0025,  0.005 ,  0.0075,
        0.01  ]), 'y': array([8.35841190e-04, 4.62124358e-04, 2.00318357e-04, 4.73416643e-05,
       5.50024226e-05, 2.09043545e-04, 4.59095665e-04, 8.03006562e-04]), 'a2': np.float64(8.194748966769138)}","{'family': 'normal', 'x': array([-0.01  , -0.0075, -0.005 , -0.0025,  0.0025,  0.005 ,  0.0075,
        0.01  ]), 'y': array([1.57903612e-04, 8.71259176e-05, 3.74860919e-05, 8.58230125e-06,
       1.13380974e-05, 4.21939344e-05, 9.21649345e-05, 1.60861233e-04]), 'a2': np.float64(1.5938448239306873)}","{'family': 'shear', 'x': array([-0.04, -0.03, -0.02, -0.01,  0.01,  0.02,  0.03,  0.04]), 'y': array([0.00270208, 0.00150922, 0.00066899, 0.00016721, 0.00016742,
       0.00066945, 0.00150997, 0.00270314]), 'a2': np.float64(1.690448585625125)}",1.8210553259486975,3.1876896478613745,1.1377381649923588,0.8452242928125625,0.9171248722613405,0.908988536013265,0.9130567041373028,1.9944602757933998,291.76522684183266,510.72418281696787,182.28574885426502,135.4198601276501,146.93960286913062,145.6360180975672,146.28781048334892,True,True,True,True,success
W,Mo,0.3,0.296875,42,3.1639999999999997,-1581.2720159681712,2053.279550565407,3457.796875,"{'family': 'hydrostatic', 'x': array([-0.01  , -0.0075, -0.005 , -0.0025,  0.0025,  0.005 ,  0.0075,
        0.01  ]), 'y': array([8.31421289e-04, 4.60277384e-04, 1.99995765e-04, 4.75919914e-05,
       5.40583866e-05, 2.06621858e-04, 4.54859227e-04, 7.96811245e-04]), 'a2': np.float64(8.141886713149443)}","{'family': 'normal', 'x': array([-0.01  , -0.0075, -0.005 , -0.0025,  0.0025,  0.005 ,  0.0075,
        0.01  ]), 'y': array([1.58124472e-04, 8.74146424e-05, 3.77498024e-05, 8.74553723e-06,
       1.11169619e-05, 4.17063077e-05, 9.13783353e-05, 1.59747886e-04]), 'a2': np.float64(1.589396515573055)}","{'family': 'shear', 'x': array([-0.04, -0.03, -0.02, -0.01,  0.01,  0.02,  0.03,  0.04]), 'y': array([0.00266926, 0.0014922 , 0.0006622 , 0.00016593, 0.00016462,
       0.00065958, 0.00148822, 0.00266386]), 'a2': np.float64(1.6677286445894481)}",1.809308158477654,3.17879303114611,1.1245657221434262,0.8338643222947241,0.9111640551773712,0.9017276036245049,0.9064458294009381,1.9960466470163027,289.8831231335599,509.29878768642635,180.17529085712664,133.59979220998432,145.98457469185053,144.4726884857191,145.22863158878482,True,True,True,True,success
W,Mo,0.3,0.296875,52,3.1639999999999997,-1581.2183345216117,2053.1064416669074,3457.796875,"{'family': 'hydrostatic', 'x': array([-0.01  , -0.0075, -0.005 , -0.0025,  0.0025,  0.005 ,  0.0075,
        0.01  ]), 'y': array([8.33420154e-04, 4.61685594e-04, 2.00871085e-04, 4.80013550e-05,
       5.37002275e-05, 2.05938301e-04, 4.53849004e-04, 7.95416489e-04]), 'a2': np.float64(8.14481874108955)}","{'family': 'normal', 'x': array([-0.01  , -0.0075, -0.005 , -0.0025,  0.0025,  0.005 ,  0.0075,
        0.01  ]), 'y': array([1.58807137e-04, 8.79294037e-05, 3.80985168e-05, 8.92027969e-06,
       1.09445552e-05, 4.13593354e-05, 9.08556797e-05, 1.59044266e-04]), 'a2': np.float64(1.5892655164556901)}","{'family': 'shear', 'x': array([-0.04, -0.03, -0.02, -0.01,  0.01,  0.02,  0.03,  0.04]), 'y': array([0.00266554, 0.00148945, 0.00066051, 0.00016521, 0.00016498,
       0.00066001, 0.00148863, 0.00266435]), 'a2': np.float64(1.6667891485629005)}",1.809959720242122,3.1785310329113803,1.125674063907493,0.8333945742814503,0.9106081383696477,0.9011867717997825,0.9058974550847151,1.9979741747622677,289.98751483616365,509.2568109417889,180.35286678335103,133.52453028153084,145.8955070006061,144.38603767518362,145.14077233789484,True,True,True,True,success
W,Mo,0.3,0.296875,62,3.1639999999999997,-1581.2942864750444,2053.4790989805233,3457.796875,"{'family': 'hydrostatic', 'x': array([-0.01  , -0.0075, -0.005 , -0.0025,  0.0025,  0.005 ,  0.0075,
        0.01  ]), 'y': array([8.28001295e-04, 4.57783562e-04, 1.98378269e-04, 4.68089468e-05,
       5.47861186e-05, 2.08020745e-04, 4.56861734e-04, 7.99349860e-04]), 'a2': np.float64(8.137481109234756)}","{'family': 'normal', 'x': array([-0.01  , -0.0075, -0.005 , -0.0025,  0.0025,  0.005 ,  0.0075,
        0.01  ]), 'y': array([1.57084430e-04, 8.66344193e-05, 3.72363571e-05, 8.48620540e-06,
       1.13736201e-05, 4.22150058e-05, 9.21343276e-05, 1.60751421e-04]), 'a2': np.float64(1.5892026175843785)}","{'family': 'shear', 'x': array([-0.04, -0.03, -0.02, -0.01,  0.01,  0.02,  0.03,  0.04]), 'y': array([0.00266604, 0.00148995, 0.00066074, 0.00016517, 0.00016554,
       0.00066161, 0.0014915 , 0.00266844]), 'a2': np.float64(1.668120926393307)}",1.8083291353855013,3.178405235168757,1.1232910854938734,0.8340604631966535,0.9114591078529688,0.9020019215495868,0.9067305147012779,1.9943402213404662,289.7262663426128,509.23665592157084,179.97107155313378,133.6312174467297,146.03184734172524,144.51663906234236,145.2742432020338,True,True,True,True,success
W,Mo,0.35,0.3515625,42,3.1630000000000003,-1567.030738621708,2051.2713013467355,3414.1015625,"{'family': 'hydrostatic', 'x': array([-0.01  , -0.0075, -0.005 , -0.0025,  0.0025,  0.005 ,  0.0075,
        0.01  ]), 'y': array([8.25441019e-04, 4.57397949e-04, 1.99074076e-04, 4.75867340e-05,
       5.32969899e-05, 2.04510273e-04, 4.51000726e-04, 7.91060813e-04]), 'a2': np.float64(8.083456845641013)}","{'family': 'normal', 'x': array([-0.01  , -0.0075, -0.005 , -0.0025,  0.0025,  0.005 ,  0.0075,
        0.01  ]), 'y': array([1.57839164e-04, 8.73316036e-05, 3.77774984e-05, 8.79429029e-06,
       1.10033034e-05, 4.14313179e-05, 9.08957792e-05, 1.59026616e-04]), 'a2': np.float64(1.5843627861714875)}","{'family': 'shear', 'x': array([-0.04, -0.03, -0.02, -0.01,  0.01,  0.02,  0.03,  0.04]), 'y': array([0.00262083, 0.00146518, 0.00064985, 0.00016241, 0.00016303,
       0.00065114, 0.00146717, 0.00262358]), 'a2': np.float64(1.6398142338667772)}",1.7963237434757806,3.168725572342975,1.1101228290421834,0.8199071169333886,0.9036648188201916,0.8925357411535103,0.8981002799868509,2.0001371600753544,287.8027905184832,507.68580297390133,177.86128429077414,131.3636013978207,144.78306457531787,142.99998977045547,143.89152717288667,True,True,True,True,success
W,Mo,0.35,0.3515625,52,3.1630000000000003,-1567.030922675484,2051.1129110263964,3414.1015625,"{'family': 'hydrostatic', 'x': array([-0.01  , -0.0075, -0.005 , -0.0025,  0.0025,  0.005 ,  0.0075,
        0.01  ]), 'y': array([8.26972257e-04, 4.58493284e-04, 1.99754966e-04, 4.79042696e-05,
       5.30283484e-05, 2.04004121e-04, 4.50273106e-04, 7.90072224e-04]), 'a2': np.float64(8.086083008172238)}","{'family': 'normal', 'x': array([-0.01  , -0.0075, -0.005 , -0.0025,  0.0025,  0.005 ,  0.0075,
        0.01  ]), 'y': array([1.58146771e-04, 8.75672716e-05, 3.79364777e-05, 8.87370341e-06,
       1.09229380e-05, 4.12669594e-05, 9.06465819e-05, 1.58686000e-04]), 'a2': np.float64(1.5841917079161618)}","{'family': 'shear', 'x': array([-0.04, -0.03, -0.02, -0.01,  0.01,  0.02,  0.03,  0.04]), 'y': array([0.00262355, 0.00146744, 0.00065156, 0.00016338, 0.00016174,
       0.00064819, 0.00146223, 0.00261647]), 'a2': np.float64(1.6384605981722946)}",1.7969073351493863,3.1683834158323236,1.1111692948079175,0.8192302990861473,0.9029810036565695,0.8918456911745194,0.8974133474155445,2.0023184860402283,287.8962922120377,507.63098345769936,178.0289465892068,131.25516322468167,144.6735053085075,142.8894315761032,143.78146844230534,True,True,True,True,success
W,Mo,0.35,0.3515625,62,3.1630000000000003,-1567.0947292849653,2051.165716870831,3414.1015625,"{'family': 'hydrostatic', 'x': array([-0.01  , -0.0075, -0.005 , -0.0025,  0.0025,  0.005 ,  0.0075,
        0.01  ]), 'y': array([8.27617212e-04, 4.59020365e-04, 2.00136123e-04, 4.81108656e-05,
       5.28220485e-05, 2.03605789e-04, 4.49752982e-04, 7.89578417e-04]), 'a2': np.float64(8.08692231502091)}","{'family': 'normal', 'x': array([-0.01  , -0.0075, -0.005 , -0.0025,  0.0025,  0.005 ,  0.0075,
        0.01  ]), 'y': array([1.58837807e-04, 8.80634602e-05, 3.82543160e-05, 9.03036002e-06,
       1.07905822e-05, 4.10125818e-05, 9.02914430e-05, 1.58247896e-04]), 'a2': np.float64(1.5854205035127014)}","{'family': 'shear', 'x': array([-0.04, -0.03, -0.02, -0.01,  0.01,  0.02,  0.03,  0.04]), 'y': array([0.00262307, 0.00146686, 0.00065093, 0.0001629 , 0.00016264,
       0.00065041, 0.00146607, 0.002622  ]), 'a2': np.float64(1.6399911575512474)}",1.7970938477824245,3.1708410070254027,1.1102202681609357,0.8199955787756237,0.9041214950382678,0.8929019546569152,0.8985117248475916,2.0000783496589913,287.9261748300514,508.02473297300287,177.87689575857576,131.3777745473669,144.85623217130558,143.05866364179312,143.95744790654936,True,True,True,True,success
W,Mo,0.4,0.3984375,42,3.162,-1554.8437591960312,2049.432760724153,3376.6484375,"{'family': 'hydrostatic', 'x': array([-0.01  , -0.0075, -0.005 , -0.0025,  0.0025,  0.005 ,  0.0075,
        0.01  ]), 'y': array([8.22580873e-04, 4.56551144e-04, 1.99301748e-04, 4.80609950e-05,
       5.22492376e-05, 2.01961365e-04, 4.46656380e-04, 7.84777182e-04]), 'a2': np.float64(8.037778201766299)}","{'family': 'normal', 'x': array([-0.01  , -0.0075, -0.005 , -0.0025,  0.0025,  0.005 ,  0.0075,
        0.01  ]), 'y': array([1.58706254e-04, 8.80798191e-05, 3.83337600e-05, 9.09982627e-06,
       1.06623057e-05, 4.07122845e-05, 8.97734087e-05, 1.57480904e-04]), 'a2': np.float64(1.5809337496917093)}","{'family': 'shear', 'x': array([-0.04, -0.03, -0.02, -0.01,  0.01,  0.02,  0.03,  0.04]), 'y': array([0.00258619, 0.00144687, 0.00064223, 0.0001607 , 0.00016067,
       0.00064215, 0.00144672, 0.00258595]), 'a2': np.float64(1.6170270636025283)}",1.7861729337258443,3.1618674993834186,1.0983256508970574,0.8085135318012642,0.8978164887780308,0.8851237208509803,0.8914701048145055,2.0036262843581345,286.1764515121296,506.58701855794715,175.9711679892208,129.53814782524228,143.84605880889063,141.8124532062946,142.82925600759262,True,True,True,True,success
W,Mo,0.4,0.3984375,52,3.162,-1554.8537160812152,2049.3078064341066,3376.6484375,"{'family': 'hydrostatic', 'x': array([-0.01  , -0.0075, -0.005 , -0.0025,  0.0025,  0.005 ,  0.0075,
        0.01  ]), 'y': array([8.25148101e-04, 4.58470263e-04, 2.00568380e-04, 4.86875647e-05,
       5.16341647e-05, 2.00762905e-04, 4.44920223e-04, 7.82570943e-04]), 'a2': np.float64(8.039656967648654)}","{'family': 'normal', 'x': array([-0.01  , -0.0075, -0.005 , -0.0025,  0.0025,  0.005 ,  0.0075,
        0.01  ]), 'y': array([1.59289739e-04, 8.85216709e-05, 3.86349211e-05, 9.25004129e-06,
       1.05069218e-05, 4.03979807e-05, 8.93022546e-05, 1.56848904e-04]), 'a2': np.float64(1.5807001168469246)}","{'family': 'shear', 'x': array([-0.04, -0.03, -0.02, -0.01,  0.01,  0.02,  0.03,  0.04]), 'y': array([0.00258235, 0.00144404, 0.00064046, 0.00015988, 0.0001614 ,
       0.00064363, 0.001449  , 0.00258913]), 'a2': np.float64(1.6168404768755298)}",1.7865904372552563,3.161400233693849,1.09918553903596,0.8084202384377649,0.8974950819942368,0.8848612380618309,0.8911781600280339,2.004751145606009,286.2433429515221,506.51215434159417,176.1089372564861,129.52320058065484,143.79456376541452,141.77039882748085,142.78248129644768,True,True,True,True,success
W,Mo,0.4,0.3984375,62,3.162,-1554.9079232260708,2049.4638678468705,3376.6484375,"{'family': 'hydrostatic', 'x': array([-0.01  , -0.0075, -0.005 , -0.0025,  0.0025,  0.005 ,  0.0075,
        0.01  ]), 'y': array([8.21369708e-04, 4.55721064e-04, 1.98787037e-04, 4.78221352e-05,
       5.24657995e-05, 2.02397313e-04, 4.47365812e-04, 7.85867275e-04]), 'a2': np.float64(8.037288599995632)}","{'family': 'normal', 'x': array([-0.01  , -0.0075, -0.005 , -0.0025,  0.0025,  0.005 ,  0.0075,
        0.01  ]), 'y': array([1.58596741e-04, 8.79998504e-05, 3.82835987e-05, 9.07138070e-06,
       1.06879682e-05, 4.07634808e-05, 8.98598654e-05, 1.57606311e-04]), 'a2': np.float64(1.5810325364184161)}","{'family': 'shear', 'x': array([-0.04, -0.03, -0.02, -0.01,  0.01,  0.02,  0.03,  0.04]), 'y': array([0.00258458, 0.00144573, 0.00064156, 0.00016042, 0.00016086,
       0.00064243, 0.00144691, 0.00258589]), 'a2': np.float64(1.6164989010746735)}",1.7860641333323626,3.1620650728368322,1.0980636635801277,0.8082494505373368,0.8977499521737429,0.8850014035245123,0.8913756778491275,2.003716477481303,286.15901976745255,506.6186733147422,175.9291929938077,129.4958373425367,143.8353984697089,141.79285581021603,142.81412713996247,True,True,True,True,success
W,Mo,0.45,0.453125,42,3.161,-1540.612012442459,2046.8713078212238,3332.953125,"{'family': 'hydrostatic', 'x': array([-0.01  , -0.0075, -0.005 , -0.0025,  0.0025,  0.005 ,  0.0075,
        0.01  ]), 'y': array([8.23710695e-04, 4.58904205e-04, 2.01797817e-04, 4.97289997e-05,
       4.98669869e-05, 1.96652346e-04, 4.38062425e-04, 7.72758292e-04]), 'a2': np.float64(7.983557734129879)}","{'family': 'normal', 'x': array([-0.01  , -0.0075, -0.005 , -0.0025,  0.0025,  0.005 ,  0.0075,
        0.01  ]), 'y': array([1.60858227e-04, 8.98282357e-05, 3.95813490e-05, 9.75598264e-06,
       9.94162303e-06, 3.92233282e-05, 8.74797190e-05, 1.54353852e-04]), 'a2': np.float64(1.576070571110544)}","{'family': 'shear', 'x': array([-0.04, -0.03, -0.02, -0.01,  0.01,  0.02,  0.03,  0.04]), 'y': array([0.00253918, 0.00142072, 0.00063034, 0.00015732, 0.00015921,
       0.00063434, 0.0014272 , 0.00254843]), 'a2': np.float64(1.5904163553313886)}",1.774123940917751,3.152141142221088,1.0851153402660823,0.7952081776656943,0.8905300669904177,0.8760027546335856,0.8832664108120016,2.0085943710762972,284.2459900539981,505.0286843528435,173.85464290457537,127.4063950924948,142.6786453451505,140.35111332303296,141.51487933409175,True,True,True,True,success
W,Mo,0.45,0.453125,52,3.161,-1540.6882590515672,2046.9670686328434,3332.953125,"{'family': 'hydrostatic', 'x': array([-0.01  , -0.0075, -0.005 , -0.0025,  0.0025,  0.005 ,  0.0075,
        0.01  ]), 'y': array([8.22594999e-04, 4.58121481e-04, 2.01307972e-04, 4.95000203e-05,
       5.00745670e-05, 1.97043249e-04, 4.38620539e-04, 7.73440138e-04]), 'a2': np.float64(7.98136285341911)}","{'family': 'normal', 'x': array([-0.01  , -0.0075, -0.005 , -0.0025,  0.0025,  0.005 ,  0.0075,
        0.01  ]), 'y': array([1.60609215e-04, 8.96232362e-05, 3.94357156e-05, 9.68069346e-06,
       1.00319849e-05, 3.94101913e-05, 8.77807586e-05, 1.54777313e-04]), 'a2': np.float64(1.576929238142324)}","{'family': 'shear', 'x': array([-0.04, -0.03, -0.02, -0.01,  0.01,  0.02,  0.03,  0.04]), 'y': array([0.00254257, 0.00142329, 0.0006321 , 0.00015824, 0.00015808,
       0.00063169, 0.00142252, 0.00254131]), 'a2': np.float64(1.5892365074973909)}",1.7736361896486912,3.153858476284648,1.0835250463307127,0.7946182537486954,0.8908376382400043,0.8760473997708812,0.8834425190054427,2.0076418685908464,284.1678436859928,505.30383160151746,173.59984972823045,127.31187886170818,142.7279236916823,140.3582662625537,141.543094977118,True,True,True,True,success
W,Mo,0.45,0.453125,62,3.161,-1540.5855855433138,2046.8471631207624,3332.953125,"{'family': 'hydrostatic', 'x': array([-0.01  , -0.0075, -0.005 , -0.0025,  0.0025,  0.005 ,  0.0075,
        0.01  ]), 'y': array([8.25922016e-04, 4.60491724e-04, 2.02809878e-04, 5.02124228e-05,
       4.94168946e-05, 1.95778085e-04, 4.36765774e-04, 7.71009107e-04]), 'a2': np.float64(7.985830921725702)}","{'family': 'normal', 'x': array([-0.01  , -0.0075, -0.005 , -0.0025,  0.0025,  0.005 ,  0.0075,
        0.01  ]), 'y': array([1.61317601e-04, 9.01546671e-05, 3.97902494e-05, 9.85588061e-06,
       9.84941627e-06, 3.90424579e-05, 8.72139726e-05, 1.54008007e-04]), 'a2': np.float64(1.5766336267052279)}","{'family': 'shear', 'x': array([-0.04, -0.03, -0.02, -0.01,  0.01,  0.02,  0.03,  0.04]), 'y': array([0.00254079, 0.00142183, 0.00063112, 0.00015779, 0.00015846,
       0.00063253, 0.00142412, 0.00254407]), 'a2': np.float64(1.589603036176288)}",1.7746290937168228,3.1532672534104558,1.0853100138700063,0.794801518088144,0.8904723587609762,0.875840310579753,0.8831563346703646,2.0094167069290148,284.32692445445855,505.2091072548461,173.88583305426476,127.34124104571727,142.6693994675466,140.32508691650912,141.49724319202787,True,True,True,True,success
W,Mo,0.5,0.5,42,3.16,-1528.4129170196538,2044.8305126361279,3295.5,"{'family': 'hydrostatic', 'x': array([-0.01  , -0.0075, -0.005 , -0.0025,  0.0025,  0.005 ,  0.0075,
        0.01  ]), 'y': array([8.23194586e-04, 4.59746714e-04, 2.03106456e-04, 5.07260926e-05,
       4.83145898e-05, 1.93132346e-04, 4.32288400e-04, 7.64569078e-04]), 'a2': np.float64(7.940120046209372)}","{'family': 'normal', 'x': array([-0.01  , -0.0075, -0.005 , -0.0025,  0.0025,  0.005 ,  0.0075,
        0.01  ]), 'y': array([1.62003063e-04, 9.07681220e-05, 4.02534061e-05, 1.01162994e-05,
       9.55094141e-06, 3.84216960e-05, 8.62523095e-05, 1.52689547e-04]), 'a2': np.float64(1.5734684732378952)}","{'family': 'shear', 'x': array([-0.04, -0.03, -0.02, -0.01,  0.01,  0.02,  0.03,  0.04]), 'y': array([0.00250833, 0.00140508, 0.00062436, 0.00015639, 0.0001561 ,
       0.00062376, 0.00140412, 0.00250699]), 'a2': np.float64(1.5676145596633662)}",1.7644711213798603,3.1469369464757904,1.0732382088318952,0.7838072798316831,0.8850241154277889,0.8685996419658081,0.8768118786967984,2.0123713697884495,282.6994378751571,504.1948802775252,171.95171667397307,125.5797698959166,141.7964946582604,139.16500391928682,140.4807492887736,True,True,True,True,success
W,Mo,0.5,0.5,52,3.16,-1528.3885620401563,2044.8623037666132,3295.5,"{'family': 'hydrostatic', 'x': array([-0.01  , -0.0075, -0.005 , -0.0025,  0.0025,  0.005 ,  0.0075,
        0.01  ]), 'y': array([8.22275570e-04, 4.59002829e-04, 2.02576275e-04, 5.04431686e-05,
       4.86140586e-05, 1.93706804e-04, 4.33087769e-04, 7.65492527e-04]), 'a2': np.float64(7.940032228819985)}","{'family': 'normal', 'x': array([-0.01  , -0.0075, -0.005 , -0.0025,  0.0025,  0.005 ,  0.0075,
        0.01  ]), 'y': array([1.61768930e-04, 9.06061898e-05, 4.01578780e-05, 1.00753275e-05,
       9.58289712e-06, 3.84654804e-05, 8.62932764e-05, 1.52712973e-04]), 'a2': np.float64(1.5723938960340431)}","{'family': 'shear', 'x': array([-0.04, -0.03, -0.02, -0.01,  0.01,  0.02,  0.03,  0.04]), 'y': array([0.00251315, 0.00140831, 0.00062642, 0.00015746, 0.00015468,
       0.00062046, 0.00139855, 0.00249897]), 'a2': np.float64(1.566678694584195)}",1.764451606404441,3.1447877920680862,1.0742835135726188,0.7833393472920975,0.8841044640743518,0.8678063103557168,0.8759553872150343,2.0143167473565566,282.6963112314199,503.85054778287395,172.1191929556929,125.50479883841304,141.649150268484,139.03789818346382,140.3435242259739,True,True,True,True,success
W,Mo,0.5,0.5,62,3.16,-1528.4196281122609,2045.3001798108735,3295.5,"{'family': 'hydrostatic', 'x': array([-0.01  , -0.0075, -0.005 , -0.0025,  0.0025,  0.005 ,  0.0075,
        0.01  ]), 'y': array([8.14242403e-04, 4.53145537e-04, 1.98783904e-04, 4.85964352e-05,
       5.03924757e-05, 1.97239086e-04, 4.38389723e-04, 7.72637794e-04]), 'a2': np.float64(7.935675150132112)}","{'family': 'normal', 'x': array([-0.01  , -0.0075, -0.005 , -0.0025,  0.0025,  0.005 ,  0.0075,
        0.01  ]), 'y': array([1.59283952e-04, 8.87382513e-05, 3.89110867e-05, 9.45029980e-06,
       1.02135030e-05, 3.97320983e-05, 8.82072769e-05, 1.55280245e-04]), 'a2': np.float64(1.5728050250863268)}","{'family': 'shear', 'x': array([-0.04, -0.03, -0.02, -0.01,  0.01,  0.02,  0.03,  0.04]), 'y': array([0.00250536, 0.00140316, 0.00062323, 0.00015587, 0.00015658,
       0.00062465, 0.00140525, 0.00250805]), 'a2': np.float64(1.5669804492245611)}",1.7634833666960248,3.1456100501726536,1.0724200249577105,0.7834902246122806,0.884732139810357,0.8682946167700796,0.8765133782902184,2.0119297781124406,282.5411821290044,503.9822880540141,171.82062916649963,125.52897204991366,141.7497150074511,139.1161334955517,140.43292425150142,True,True,True,True,success
W,Mo,0.55,0.546875,42,3.159,-1516.1901968952366,2042.9207069699455,3258.046875,"{'family': 'hydrostatic', 'x': array([-0.01  , -0.0075, -0.005 , -0.0025,  0.0025,  0.005 ,  0.0075,
        0.01  ]), 'y': array([8.17925224e-04, 4.57051382e-04, 2.02093560e-04, 5.05817016e-05,
       4.78109750e-05, 1.91535936e-04, 4.29062378e-04, 7.59204970e-04]), 'a2': np.float64(7.886835134976904)}","{'family': 'normal', 'x': array([-0.01  , -0.0075, -0.005 , -0.0025,  0.0025,  0.005 ,  0.0075,
        0.01  ]), 'y': array([1.62170121e-04, 9.10138984e-05, 4.04922315e-05, 1.02689927e-05,
       9.34148681e-06, 3.79495203e-05, 8.54726945e-05, 1.51568903e-04]), 'a2': np.float64(1.568680526293687)}","{'family': 'shear', 'x': array([-0.04, -0.03, -0.02, -0.01,  0.01,  0.02,  0.03,  0.04]), 'y': array([0.00247323, 0.00138635, 0.00061638, 0.00015445, 0.00015412,
       0.00061568, 0.00138522, 0.00247159]), 'a2': np.float64(1.5453671184573283)}",1.7526300299948676,3.137361052587374,1.0602645186986144,0.7726835592286642,0.8790294423149504,0.860831494564706,0.8699304684398281,2.0146782916318724,280.80228589697793,502.66065294639697,169.87310237226845,123.79755338726977,140.83604214718758,137.92040950398942,139.3782258255885,True,True,True,True,success
W,Mo,0.55,0.546875,52,3.159,-1516.2137381365192,2043.0491302727808,3258.046875,"{'family': 'hydrostatic', 'x': array([-0.01  , -0.0075, -0.005 , -0.0025,  0.0025,  0.005 ,  0.0075,
        0.01  ]), 'y': array([8.15461865e-04, 4.55229449e-04, 2.00889954e-04, 4.99798742e-05,
       4.84330212e-05, 1.92822904e-04, 4.31113156e-04, 7.62178053e-04]), 'a2': np.float64(7.88947248910393)}","{'family': 'normal', 'x': array([-0.01  , -0.0075, -0.005 , -0.0025,  0.0025,  0.005 ,  0.0075,
        0.01  ]), 'y': array([1.60943119e-04, 9.00943468e-05, 3.98809917e-05, 9.96262990e-06,
       9.64479022e-06, 3.85518439e-05, 8.63699433e-05, 1.52755841e-04]), 'a2': np.float64(1.5684802767240087)}","{'family': 'shear', 'x': array([-0.04, -0.03, -0.02, -0.01,  0.01,  0.02,  0.03,  0.04]), 'y': array([0.00247537, 0.0013881 , 0.00061775, 0.0001553 , 0.00015283,
       0.00061259, 0.00137988, 0.00246378]), 'a2': np.float64(1.5436322608059456)}",1.7532161086897622,3.1369605534480174,1.0613438863106346,0.7718161304029728,0.8782130116692602,0.8599821380066979,0.869097574837979,2.0172833976859326,280.89618605526886,502.5964859106242,170.04603612759118,123.65857596879671,140.70523553788462,137.78432758199304,139.24478155993882,True,True,True,True,success
W,Mo,0.55,0.546875,62,3.159,-1516.2282885628974,2042.8075595607258,3258.046875,"{'family': 'hydrostatic', 'x': array([-0.01  , -0.0075, -0.005 , -0.0025,  0.0025,  0.005 ,  0.0075,
        0.01  ]), 'y': array([8.18658431e-04, 4.57618118e-04, 2.02473783e-04, 5.07666100e-05,
       4.76618260e-05, 1.91324080e-04, 4.28940075e-04, 7.59407537e-04]), 'a2': np.float64(7.891671729784105)}","{'family': 'normal', 'x': array([-0.01  , -0.0075, -0.005 , -0.0025,  0.0025,  0.005 ,  0.0075,
        0.01  ]), 'y': array([1.61849600e-04, 9.07703177e-05, 4.03292246e-05, 1.01854419e-05,
       9.42371562e-06, 3.81168719e-05, 8.57271301e-05, 1.51907715e-04]), 'a2': np.float64(1.5687829392208905)}","{'family': 'shear', 'x': array([-0.04, -0.03, -0.02, -0.01,  0.01,  0.02,  0.03,  0.04]), 'y': array([0.00247014, 0.00138432, 0.00061524, 0.00015399, 0.0001544 ,
       0.00061612, 0.00138576, 0.00247225]), 'a2': np.float64(1.5446144710327976)}",1.7537048288409123,3.137565878441781,1.061774304040478,0.7723072355163988,0.8785426561900997,0.8603719284047321,0.869457292297416,2.0170108921704473,280.97448765529754,502.6934696659236,170.11499664998448,123.73725968190536,140.75805041233102,137.84677888826732,139.30241465029917,True,True,True,True,success
W,Mo,0.6,0.6015625,42,3.158,-1501.9806539820543,2040.2563480322713,3214.3515625,"{'family': 'hydrostatic', 'x': array([-0.01  , -0.0075, -0.005 , -0.0025,  0.0025,  0.005 ,  0.0075,
        0.01  ]), 'y': array([8.18914195e-04, 4.59191227e-04, 2.04380280e-04, 5.21063489e-05,
       4.56766668e-05, 1.86843574e-04, 4.21612108e-04, 7.49014974e-04]), 'a2': np.float64(7.841072771623957)}","{'family': 'normal', 'x': array([-0.01  , -0.0075, -0.005 , -0.0025,  0.0025,  0.005 ,  0.0075,
        0.01  ]), 'y': array([1.64074541e-04, 9.25433719e-05, 4.15736829e-05, 1.08347276e-05,
       8.73484595e-06, 3.67018677e-05, 8.35575146e-05, 1.48969793e-04]), 'a2': np.float64(1.5651854360879975)}","{'family': 'shear', 'x': array([-0.04, -0.03, -0.02, -0.01,  0.01,  0.02,  0.03,  0.04]), 'y': array([0.00242751, 0.0013615 , 0.00060558, 0.00015176, 0.0001516 ,
       0.00060525, 0.00136094, 0.00242668]), 'a2': np.float64(1.5168404525712087)}",1.7424606159164349,3.130370872175995,1.0485054877866549,0.7584202262856043,0.8714252126492307,0.8507822355140564,0.8611037240816435,2.0235200094794012,279.172966148608,501.54070258336844,167.98909793122783,121.5123155296641,139.6177102482266,136.31034071325806,137.96402548074232,True,True,True,True,success
W,Mo,0.6,0.6015625,52,3.158,-1501.9728780917046,2040.6051881020737,3214.3515625,"{'family': 'hydrostatic', 'x': array([-0.01  , -0.0075, -0.005 , -0.0025,  0.0025,  0.005 ,  0.0075,
        0.01  ]), 'y': array([8.11992567e-04, 4.54038245e-04, 2.00959636e-04, 5.04027601e-05,
       4.73537304e-05, 1.90160678e-04, 4.26513432e-04, 7.55396481e-04]), 'a2': np.float64(7.838323188267257)}","{'family': 'normal', 'x': array([-0.01  , -0.0075, -0.005 , -0.0025,  0.0025,  0.005 ,  0.0075,
        0.01  ]), 'y': array([1.61389585e-04, 9.05313592e-05, 4.02329268e-05, 1.01657599e-05,
       9.40371032e-06, 3.80428759e-05, 8.55710955e-05, 1.51651195e-04]), 'a2': np.float64(1.5651680309821958)}","{'family': 'shear', 'x': array([-0.04, -0.03, -0.02, -0.01,  0.01,  0.02,  0.03,  0.04]), 'y': array([0.00242518, 0.00136008, 0.00060489, 0.00015152, 0.00015162,
       0.00060507, 0.00136034, 0.00242543]), 'a2': np.float64(1.5157181945767384)}",1.7418495973927237,3.1303360619643916,1.0476063651068896,0.7578590972883692,0.8712613977445219,0.8504737887345828,0.8608675932395524,2.023365278321055,279.07507018925145,501.53512537264885,167.84504259755275,121.42241275360178,139.59146420718028,136.26092209137468,137.9261931492775,True,True,True,True,success
W,Mo,0.6,0.6015625,62,3.158,-1501.9174611113388,2040.1318968329135,3214.3515625,"{'family': 'hydrostatic', 'x': array([-0.01  , -0.0075, -0.005 , -0.0025,  0.0025,  0.005 ,  0.0075,
        0.01  ]), 'y': array([8.21394677e-04, 4.60942666e-04, 2.05476926e-04, 5.26265476e-05,
       4.51839686e-05, 1.85830909e-04, 4.19980752e-04, 7.46572183e-04]), 'a2': np.float64(7.841090018611071)}","{'family': 'normal', 'x': array([-0.01  , -0.0075, -0.005 , -0.0025,  0.0025,  0.005 ,  0.0075,
        0.01  ]), 'y': array([1.64649464e-04, 9.29770680e-05, 4.18649121e-05, 1.09800677e-05,
       8.58438031e-06, 3.63941273e-05, 8.30929034e-05, 1.48337387e-04]), 'a2': np.float64(1.5649101607598135)}","{'family': 'shear', 'x': array([-0.04, -0.03, -0.02, -0.01,  0.01,  0.02,  0.03,  0.04]), 'y': array([0.00242519, 0.00135959, 0.00060418, 0.00015098, 0.00015263,
       0.00060767, 0.00136519, 0.00243315]), 'a2': np.float64(1.5181444317063728)}",1.742464448580238,3.129820321519627,1.0487865121105437,0.7590722158531864,0.8716500913937285,0.8511631127298828,0.8614066020618056,2.0228129717250725,279.1735802090421,501.4524946443485,168.03412299138893,121.61677577388264,139.6537397949215,136.3713639703173,138.0125518826194,True,True,True,True,success
W,Mo,0.65,0.6484375,42,3.157,-1489.6886884166715,2038.1953636806013,3176.8984375,"{'family': 'hydrostatic', 'x': array([-0.01  , -0.0075, -0.005 , -0.0025,  0.0025,  0.005 ,  0.0075,
        0.01  ]), 'y': array([8.14485588e-04, 4.57009153e-04, 2.03642058e-04, 5.20728969e-05,
       4.50838300e-05, 1.85064582e-04, 4.18061637e-04, 7.43065356e-04]), 'a2': np.float64(7.789021546454279)}","{'family': 'normal', 'x': array([-0.01  , -0.0075, -0.005 , -0.0025,  0.0025,  0.005 ,  0.0075,
        0.01  ]), 'y': array([1.63833965e-04, 9.24789834e-05, 4.16019889e-05, 1.08853832e-05,
       8.62116693e-06, 3.64186355e-05, 8.30590778e-05, 1.48202757e-04]), 'a2': np.float64(1.560157809830864)}","{'family': 'shear', 'x': array([-0.04, -0.03, -0.02, -0.01,  0.01,  0.02,  0.03,  0.04]), 'y': array([0.00239627, 0.00134524, 0.00059889, 0.00015027, 0.00014953,
       0.00059729, 0.00134256, 0.00239233]), 'a2': np.float64(1.4961045976544334)}",1.7308936769898398,3.120315619661728,1.0361827056538955,0.7480522988272167,0.8656579620978965,0.8432160822576232,0.8544370221777599,2.0257709252557867,277.3197382363668,499.9296735339085,166.01477058759593,119.85119043166618,138.69369484826223,135.09810932757335,136.8959020879178,True,True,True,True,success
W,Mo,0.65,0.6484375,52,3.157,-1489.7181322710264,2038.4320210679925,3176.8984375,"{'family': 'hydrostatic', 'x': array([-0.01  , -0.0075, -0.005 , -0.0025,  0.0025,  0.005 ,  0.0075,
        0.01  ]), 'y': array([8.10439990e-04, 4.54057603e-04, 2.01712051e-04, 5.11270673e-05,
       4.60192122e-05, 1.86943053e-04, 4.20939804e-04, 7.47054787e-04]), 'a2': np.float64(7.7888111828924895)}","{'family': 'normal', 'x': array([-0.01  , -0.0075, -0.005 , -0.0025,  0.0025,  0.005 ,  0.0075,
        0.01  ]), 'y': array([1.62355628e-04, 9.13606946e-05, 4.08516896e-05, 1.05058924e-05,
       9.01353886e-06, 3.72083931e-05, 8.42527713e-05, 1.49812386e-04]), 'a2': np.float64(1.5607824642404058)}","{'family': 'shear', 'x': array([-0.04, -0.03, -0.02, -0.01,  0.01,  0.02,  0.03,  0.04]), 'y': array([0.00239022, 0.00134103, 0.00059642, 0.00014924, 0.00015016,
       0.00059821, 0.00134358, 0.00239341]), 'a2': np.float64(1.4945911033950168)}",1.7308469295316644,3.1215649284808116,1.0354879300570907,0.7472955516975084,0.8655927307032492,0.8428930487679859,0.8542428897356176,2.0261765714752977,277.3122484679098,500.129834872118,165.90345526580563,119.72994617575857,138.6832436267176,135.04635365709012,136.86479864190386,True,True,True,True,success
W,Mo,0.65,0.6484375,62,3.157,-1489.7256833952447,2038.5975580499687,3176.8984375,"{'family': 'hydrostatic', 'x': array([-0.01  , -0.0075, -0.005 , -0.0025,  0.0025,  0.005 ,  0.0075,
        0.01  ]), 'y': array([8.06988055e-04, 4.51529712e-04, 2.00071466e-04, 5.03269974e-05,
       4.67832681e-05, 1.88453307e-04, 4.23194273e-04, 7.50066877e-04]), 'a2': np.float64(7.786666334861712)}","{'family': 'normal', 'x': array([-0.01  , -0.0075, -0.005 , -0.0025,  0.0025,  0.005 ,  0.0075,
        0.01  ]), 'y': array([1.61278169e-04, 9.05716701e-05, 4.03342083e-05, 1.02514105e-05,
       9.25370432e-06, 3.76799270e-05, 8.49518132e-05, 1.50727197e-04]), 'a2': np.float64(1.5599988327867529)}","{'family': 'shear', 'x': array([-0.04, -0.03, -0.02, -0.01,  0.01,  0.02,  0.03,  0.04]), 'y': array([0.00239066, 0.00134186, 0.00059725, 0.00014975, 0.00014952,
       0.00059677, 0.00134111, 0.0023896 ]), 'a2': np.float64(1.493503385359482)}",1.730370296635936,3.1199976655735058,1.0355566121671511,0.746751692679741,0.8649392262891155,0.8422642354526427,0.8536017308708791,2.027140098310886,277.23588345968574,499.8787316732448,165.91445935290622,119.64281035543074,138.57854067732615,134.94560665782106,136.76207366757362,True,True,True,True,success
W,Mo,0.7,0.703125,42,3.1559999999999997,-1475.4143239689015,2035.8716320789579,3133.203125,"{'family': 'hydrostatic', 'x': array([-0.01  , -0.0075, -0.005 , -0.0025,  0.0025,  0.005 ,  0.0075,
        0.01  ]), 'y': array([8.07579214e-04, 4.53242899e-04, 2.02005394e-04, 5.16677239e-05,
       4.47764165e-05, 1.83834660e-04, 4.15384620e-04, 7.38491079e-04]), 'a2': np.float64(7.731604136362741)}","{'family': 'normal', 'x': array([-0.01  , -0.0075, -0.005 , -0.0025,  0.0025,  0.005 ,  0.0075,
        0.01  ]), 'y': array([1.62837445e-04, 9.18560458e-05, 4.12627713e-05, 1.07469099e-05,
       8.70133164e-06, 3.65302781e-05, 8.31487150e-05, 1.48234932e-04]), 'a2': np.float64(1.5553073500919892)}","{'family': 'shear', 'x': array([-0.04, -0.03, -0.02, -0.01,  0.01,  0.02,  0.03,  0.04]), 'y': array([0.00235129, 0.00132103, 0.00058852, 0.00014773, 0.00014708,
       0.00058724, 0.00131917, 0.00234887]), 'a2': np.float64(1.468222820045713)}",1.7181342525250534,3.1106147001839783,1.0218940286955909,0.7341114100228565,0.8582109803113914,0.8331082530346718,0.8456596166730317,2.031708998100778,275.2754530791324,498.3754148951571,163.72547217112,117.61761382011434,137.50055683687603,133.47865656076817,135.48960669882212,True,True,True,True,success
W,Mo,0.7,0.703125,52,3.1559999999999997,-1475.4559884850655,2035.968773196182,3133.203125,"{'family': 'hydrostatic', 'x': array([-0.01  , -0.0075, -0.005 , -0.0025,  0.0025,  0.005 ,  0.0075,
        0.01  ]), 'y': array([8.04671594e-04, 4.51139799e-04, 2.00646488e-04, 5.10022896e-05,
       4.54073376e-05, 1.85115916e-04, 4.17382786e-04, 7.41323100e-04]), 'a2': np.float64(7.7314156763695845)}","{'family': 'normal', 'x': array([-0.01  , -0.0075, -0.005 , -0.0025,  0.0025,  0.005 ,  0.0075,
        0.01  ]), 'y': array([1.62027564e-04, 9.12536829e-05, 4.08611215e-05, 1.05486812e-05,
       8.89563290e-06, 3.69185513e-05, 8.37444777e-05, 1.49034471e-04]), 'a2': np.float64(1.5552915562245124)}","{'family': 'shear', 'x': array([-0.04, -0.03, -0.02, -0.01,  0.01,  0.02,  0.03,  0.04]), 'y': array([0.00235081, 0.00132096, 0.00058867, 0.0001479 , 0.00014669,
       0.00058621, 0.0013172 , 0.00234565]), 'a2': np.float64(1.4670638547906794)}",1.7180923725265744,3.110583112449025,1.0218470025653492,0.7335319273953397,0.8578663784139389,0.8326623168815523,0.8452643476477456,2.0326095348843105,275.26874316368816,498.3703539821125,163.717937754476,117.52477046831763,137.44534552651785,133.40720971287843,135.42627761969814,True,True,True,True,success
W,Mo,0.7,0.703125,62,3.1559999999999997,-1475.4454254946825,2036.004560186725,3133.203125,"{'family': 'hydrostatic', 'x': array([-0.01  , -0.0075, -0.005 , -0.0025,  0.0025,  0.005 ,  0.0075,
        0.01  ]), 'y': array([8.04584047e-04, 4.51049885e-04, 2.00573225e-04, 5.09631504e-05,
       4.54625289e-05, 1.85211977e-04, 4.17503425e-04, 7.41445127e-04]), 'a2': np.float64(7.731511829686088)}","{'family': 'normal', 'x': array([-0.01  , -0.0075, -0.005 , -0.0025,  0.0025,  0.005 ,  0.0075,
        0.01  ]), 'y': array([1.62024049e-04, 9.12328326e-05, 4.08426566e-05, 1.05374979e-05,
       8.91938867e-06, 3.69680595e-05, 8.38203243e-05, 1.49145413e-04]), 'a2': np.float64(1.5557909403880736)}","{'family': 'shear', 'x': array([-0.04, -0.03, -0.02, -0.01,  0.01,  0.02,  0.03,  0.04]), 'y': array([0.00234812, 0.00131886, 0.00058725, 0.00014721, 0.00014736,
       0.00058758, 0.00131939, 0.0023489 ]), 'a2': np.float64(1.4672646400485283)}",1.7181137399302417,3.1115818807761473,1.0213796695072888,0.7336323200242642,0.8582198342683303,0.8329262663340362,0.8455730503011832,2.031892737497097,275.2721665991485,498.5303743084436,163.64306274450087,117.54085514061397,137.50197539715694,133.44949907706268,135.47573723710983,True,True,True,True,success
W,Mo,0.75,0.75,42,3.155,-1463.1638787300888,2033.6683002223176,3095.75,"{'family': 'hydrostatic', 'x': array([-0.01  , -0.0075, -0.005 , -0.0025,  0.0025,  0.005 ,  0.0075,
        0.01  ]), 'y': array([8.02904186e-04, 4.50864123e-04, 2.01125783e-04, 5.15558747e-05,
       4.42616391e-05, 1.82197990e-04, 4.12004324e-04, 7.32672175e-04]), 'a2': np.float64(7.67891763685028)}","{'family': 'normal', 'x': array([-0.01  , -0.0075, -0.005 , -0.0025,  0.0025,  0.005 ,  0.0075,
        0.01  ]), 'y': array([1.62947721e-04, 9.20625009e-05, 4.14789741e-05, 1.08918477e-05,
       8.48445884e-06, 3.60360948e-05, 8.23221727e-05, 1.47017548e-04]), 'a2': np.float64(1.549787941882644)}","{'family': 'shear', 'x': array([-0.04, -0.03, -0.02, -0.01,  0.01,  0.02,  0.03,  0.04]), 'y': array([0.00231916, 0.00130444, 0.00058188, 0.00014642, 0.00014453,
       0.00057803, 0.00129849, 0.00231094]), 'a2': np.float64(1.4461008782722975)}",1.7064261415222846,3.099575883765288,1.0098512704007832,0.7230504391361487,0.8517751861545901,0.8246448818894058,0.838210034021998,2.0357977979985633,273.39960690689566,496.60680153642426,161.79600959213138,115.84545092431108,136.46942894344522,132.12267502255833,134.29605198300177,True,True,True,True,success
W,Mo,0.75,0.75,52,3.155,-1463.240156212734,2033.9356575570785,3095.75,"{'family': 'hydrostatic', 'x': array([-0.01  , -0.0075, -0.005 , -0.0025,  0.0025,  0.005 ,  0.0075,
        0.01  ]), 'y': array([7.97925702e-04, 4.47303047e-04, 1.98864749e-04, 5.04773788e-05,
       4.52375489e-05, 1.84052426e-04, 4.14648980e-04, 7.36068920e-04]), 'a2': np.float64(7.67102336805311)}","{'family': 'normal', 'x': array([-0.01  , -0.0075, -0.005 , -0.0025,  0.0025,  0.005 ,  0.0075,
        0.01  ]), 'y': array([1.61340991e-04, 9.08710916e-05, 4.06887066e-05, 1.04980918e-05,
       8.87925407e-06, 3.68185084e-05, 8.34969146e-05, 1.48587119e-04]), 'a2': np.float64(1.5495894230242575)}","{'family': 'shear', 'x': array([-0.04, -0.03, -0.02, -0.01,  0.01,  0.02,  0.03,  0.04]), 'y': array([0.00231669, 0.0013027 , 0.00058077, 0.00014587, 0.00014508,
       0.00057909, 0.00129997, 0.00231275]), 'a2': np.float64(1.4458754062682855)}",1.7046718595673578,3.099178846048515,1.007418366326779,0.7229377031341427,0.8521147178248327,0.8248102958490603,0.8384625068369465,2.033092530276802,273.11853995344813,496.5431890816853,161.40621538932953,115.82738862563744,136.5238279138536,132.14917726044956,134.33650258715159,True,True,True,True,success
W,Mo,0.75,0.75,62,3.155,-1463.1600580451188,2033.971358084418,3095.75,"{'family': 'hydrostatic', 'x': array([-0.01  , -0.0075, -0.005 , -0.0025,  0.0025,  0.005 ,  0.0075,
        0.01  ]), 'y': array([7.97881005e-04, 4.47196700e-04, 1.98743830e-04, 5.03954273e-05,
       4.53837904e-05, 1.84452438e-04, 4.15443434e-04, 7.37414599e-04]), 'a2': np.float64(7.677656421300534)}","{'family': 'normal', 'x': array([-0.01  , -0.0075, -0.005 , -0.0025,  0.0025,  0.005 ,  0.0075,
        0.01  ]), 'y': array([1.61035081e-04, 9.06234643e-05, 4.05141852e-05, 1.04090857e-05,
       8.97017188e-06, 3.70075990e-05, 8.37859340e-05, 1.48975327e-04]), 'a2': np.float64(1.5500224157624307)}","{'family': 'shear', 'x': array([-0.04, -0.03, -0.02, -0.01,  0.01,  0.02,  0.03,  0.04]), 'y': array([0.00230805, 0.00129665, 0.00057707, 0.00014418, 0.00014658,
       0.0005821 , 0.00130465, 0.00231929]), 'a2': np.float64(1.4452436865604217)}",1.7061458714001185,3.1000448315248614,1.009196391337747,0.7226218432802108,0.8517427940055494,0.8244501598850077,0.8380964769452786,2.0357392237451406,273.3547026831713,496.68193525010076,161.6910863997066,115.77678229829554,136.46423914905617,132.09147711825813,134.27785813365713,True,True,True,True,success
W,Mo,0.8,0.796875,42,3.154,-1450.8999504071633,2031.7350631087102,3058.296875,"{'family': 'hydrostatic', 'x': array([-0.01  , -0.0075, -0.005 , -0.0025,  0.0025,  0.005 ,  0.0075,
        0.01  ]), 'y': array([7.93868974e-04, 4.45330756e-04, 1.98222088e-04, 5.04773638e-05,
       4.46599343e-05, 1.82358914e-04, 4.11313038e-04, 7.30517889e-04]), 'a2': np.float64(7.622839118381315)}","{'family': 'normal', 'x': array([-0.01  , -0.0075, -0.005 , -0.0025,  0.0025,  0.005 ,  0.0075,
        0.01  ]), 'y': array([1.61168997e-04, 9.08590544e-05, 4.07524812e-05, 1.05683247e-05,
       8.74801929e-06, 3.64981164e-05, 8.29323517e-05, 1.47720178e-04]), 'a2': np.float64(1.5443793900016627)}","{'family': 'shear', 'x': array([-0.04, -0.03, -0.02, -0.01,  0.01,  0.02,  0.03,  0.04]), 'y': array([0.00227752, 0.00128127, 0.00057119, 0.0001432 , 0.0001438 ,
       0.00057243, 0.00128325, 0.0022803 ]), 'a2': np.float64(1.423259774924936)}",1.6939642485291813,3.0887587800033254,0.9965669827921091,0.711629887462468,0.8454162919197241,0.8159874597102512,0.8307018758149877,2.039196368573577,271.40299154644947,494.87371046120586,159.6676320890713,114.01567683549013,135.450621775721,130.73560308137465,133.0931124285478,True,True,True,True,success
W,Mo,0.8,0.796875,52,3.154,-1450.9163734322797,2031.5917372769343,3058.296875,"{'family': 'hydrostatic', 'x': array([-0.01  , -0.0075, -0.005 , -0.0025,  0.0025,  0.005 ,  0.0075,
        0.01  ]), 'y': array([7.96706231e-04, 4.47427425e-04, 1.99598100e-04, 5.11474097e-05,
       4.40408543e-05, 1.81209982e-04, 4.09747986e-04, 7.28660233e-04]), 'a2': np.float64(7.627799107365204)}","{'family': 'normal', 'x': array([-0.01  , -0.0075, -0.005 , -0.0025,  0.0025,  0.005 ,  0.0075,
        0.01  ]), 'y': array([1.62138763e-04, 9.15669351e-05, 4.12179378e-05, 1.07945996e-05,
       8.53521434e-06, 3.60855369e-05, 8.23306675e-05, 1.46949638e-04]), 'a2': np.float64(1.5453592910863807)}","{'family': 'shear', 'x': array([-0.04, -0.03, -0.02, -0.01,  0.01,  0.02,  0.03,  0.04]), 'y': array([0.00227903, 0.00128222, 0.00057166, 0.00014335, 0.00014381,
       0.00057261, 0.00128377, 0.00228133]), 'a2': np.float64(1.4240505107215984)}",1.6950664683033787,3.0907185821727614,0.9972404113686872,0.7120252553607992,0.8459107873772943,0.8164558946124153,0.8311833409948548,2.0393412436232543,271.57958662176975,495.18770538293217,159.7755272411885,114.07902175582223,135.52984868184205,130.81065462623604,133.17025165403905,True,True,True,True,success
W,Mo,0.8,0.796875,62,3.154,-1450.904154975723,2031.471708584337,3058.296875,"{'family': 'hydrostatic', 'x': array([-0.01  , -0.0075, -0.005 , -0.0025,  0.0025,  0.005 ,  0.0075,
        0.01  ]), 'y': array([7.99365959e-04, 4.49385546e-04, 2.00876890e-04, 5.17770413e-05,
       4.34131727e-05, 1.79940080e-04, 4.07789741e-04, 7.25913019e-04]), 'a2': np.float64(7.6273106707403775)}","{'family': 'normal', 'x': array([-0.01  , -0.0075, -0.005 , -0.0025,  0.0025,  0.005 ,  0.0075,
        0.01  ]), 'y': array([1.62781799e-04, 9.20459766e-05, 4.15289183e-05, 1.09488002e-05,
       8.37572611e-06, 3.57743642e-05, 8.18681634e-05, 1.46335469e-04]), 'a2': np.float64(1.545548575355704)}","{'family': 'shear', 'x': array([-0.04, -0.03, -0.02, -0.01,  0.01,  0.02,  0.03,  0.04]), 'y': array([0.00227975, 0.00128272, 0.00057201, 0.00014357, 0.00014351,
       0.00057194, 0.00128269, 0.00227982]), 'a2': np.float64(1.4238245369570073)}",1.694957926831195,3.091097150711408,0.9968883148910883,0.7119122684785036,0.8459891282511661,0.8164556204732042,0.8312223743621852,2.0391148976611375,271.56219636085774,495.24835874913117,159.71911516672102,114.06091926169513,135.5424002734991,130.81061070429254,133.17650548889583,True,True,True,True,success
W,Mo,0.85,0.8515625,42,3.1529999999999996,-1436.5814486765098,2029.1682024415911,3014.6015625,"{'family': 'hydrostatic', 'x': array([-0.01  , -0.0075, -0.005 , -0.0025,  0.0025,  0.005 ,  0.0075,
        0.01  ]), 'y': array([7.87276134e-04, 4.41679154e-04, 1.96611773e-04, 5.00677165e-05,
       4.43143209e-05, 1.80930422e-04, 4.08005798e-04, 7.24448238e-04]), 'a2': np.float64(7.5592580873271)}","{'family': 'normal', 'x': array([-0.01  , -0.0075, -0.005 , -0.0025,  0.0025,  0.005 ,  0.0075,
        0.01  ]), 'y': array([1.60491998e-04, 9.04872807e-05, 4.05942845e-05, 1.05286921e-05,
       8.70859206e-06, 3.63477465e-05, 8.25958611e-05, 1.47138272e-04]), 'a2': np.float64(1.5380729029718327)}","{'family': 'shear', 'x': array([-0.04, -0.03, -0.02, -0.01,  0.01,  0.02,  0.03,  0.04]), 'y': array([0.00224017, 0.00126205, 0.00056349, 0.00014165, 0.00014101,
       0.00056222, 0.00126012, 0.00223755]), 'a2': np.float64(1.3979290932645336)}",1.6798351305171333,3.0761458059436655,0.981679792803867,0.6989645466322668,0.8382719306073199,0.8062100302483854,0.8222409804278527,2.042996117321995,269.13925729130676,492.85288924549144,157.28244131421437,111.98646553822893,134.30596890919279,129.16908619184238,131.7375275505176,True,True,True,True,success
W,Mo,0.85,0.8515625,52,3.1529999999999996,-1436.6183184645881,2029.1323597993908,3014.6015625,"{'family': 'hydrostatic', 'x': array([-0.01  , -0.0075, -0.005 , -0.0025,  0.0025,  0.005 ,  0.0075,
        0.01  ]), 'y': array([7.86865103e-04, 4.41390344e-04, 1.96436760e-04, 4.99864224e-05,
       4.43985362e-05, 1.81119627e-04, 4.08368721e-04, 7.25085692e-04]), 'a2': np.float64(7.560477995326816)}","{'family': 'normal', 'x': array([-0.01  , -0.0075, -0.005 , -0.0025,  0.0025,  0.005 ,  0.0075,
        0.01  ]), 'y': array([1.60418841e-04, 9.04266809e-05, 4.05537033e-05, 1.05064734e-05,
       8.73549779e-06, 3.64055707e-05, 8.26923729e-05, 1.47277975e-04]), 'a2': np.float64(1.538400771153665)}","{'family': 'shear', 'x': array([-0.04, -0.03, -0.02, -0.01,  0.01,  0.02,  0.03,  0.04]), 'y': array([0.00223986, 0.00126182, 0.00056333, 0.00014156, 0.00014107,
       0.00056225, 0.00126001, 0.00223719]), 'a2': np.float64(1.3977134793604522)}",1.680106221183737,3.07680154230733,0.9817585606219408,0.6988567396802261,0.8383226401452134,0.8061923318271635,0.8222574859861884,2.0432847980321798,269.1826908041217,492.9579497926186,157.2950613098733,111.96919296041699,134.31409347279924,129.1662505921717,131.74017203248548,True,True,True,True,success
W,Mo,0.85,0.8515625,62,3.1529999999999996,-1436.5918415231727,2029.0296708246628,3014.6015625,"{'family': 'hydrostatic', 'x': array([-0.01  , -0.0075, -0.005 , -0.0025,  0.0025,  0.005 ,  0.0075,
        0.01  ]), 'y': array([7.90372733e-04, 4.44002732e-04, 1.98158576e-04, 5.08394548e-05,
       4.35476889e-05, 1.79397691e-04, 4.05724430e-04, 7.21446073e-04]), 'a2': np.float64(7.559744019063639)}","{'family': 'normal', 'x': array([-0.01  , -0.0075, -0.005 , -0.0025,  0.0025,  0.005 ,  0.0075,
        0.01  ]), 'y': array([1.61410058e-04, 9.11780075e-05, 4.10537842e-05, 1.07585693e-05,
       8.47852345e-06, 3.58889018e-05, 8.19142762e-05, 1.46233190e-04]), 'a2': np.float64(1.5381491652325778)}","{'family': 'shear', 'x': array([-0.04, -0.03, -0.02, -0.01,  0.01,  0.02,  0.03,  0.04]), 'y': array([0.00223737, 0.00125991, 0.00056206, 0.00014094, 0.00014173,
       0.00056372, 0.00126253, 0.00224106]), 'a2': np.float64(1.3981676564594305)}",1.6799431153474753,3.0762983304651557,0.9817655077886351,0.6990838282297153,0.8383568614731333,0.806313162273166,0.8223350118731496,2.042893821972665,269.15655836836424,492.87732636773444,157.29617436867915,112.00557655690129,134.31957633395183,129.1856097637383,131.75259304884506,True,True,True,True,success
W,Mo,0.9,0.8984375,42,3.152,-1424.3382675398059,2026.9476632923095,2977.1484375,"{'family': 'hydrostatic', 'x': array([-0.01  , -0.0075, -0.005 , -0.0025,  0.0025,  0.005 ,  0.0075,
        0.01  ]), 'y': array([7.79877750e-04, 4.37270847e-04, 1.94401665e-04, 4.93157966e-05,
       4.43904853e-05, 1.80386555e-04, 4.06130631e-04, 7.20435657e-04]), 'a2': np.float64(7.501963768025307)}","{'family': 'normal', 'x': array([-0.01  , -0.0075, -0.005 , -0.0025,  0.0025,  0.005 ,  0.0075,
        0.01  ]), 'y': array([1.59237226e-04, 8.96727689e-05, 4.01292524e-05, 1.03346843e-05,
       8.83730666e-06, 3.65385422e-05, 8.27935522e-05, 1.47271929e-04]), 'a2': np.float64(1.5324477997311585)}","{'family': 'shear', 'x': array([-0.04, -0.03, -0.02, -0.01,  0.01,  0.02,  0.03,  0.04]), 'y': array([0.0022033 , 0.00124213, 0.00055472, 0.00013927, 0.00013966,
       0.00055551, 0.00124335, 0.00220501]), 'a2': np.float64(1.3759711625297868)}",1.6671030595611793,3.064895599462317,0.9682067896106106,0.6879855812648934,0.8321291107292772,0.797661066652491,0.8148950886908841,2.045788571679029,267.09935464930714,491.05040746513254,155.12382824139445,110.22744137501107,133.32178066975425,127.79939123130116,130.5605859505277,True,True,True,True,success
W,Mo,0.9,0.8984375,52,3.152,-1424.314307639796,2027.0002433929567,2977.1484375,"{'family': 'hydrostatic', 'x': array([-0.01  , -0.0075, -0.005 , -0.0025,  0.0025,  0.005 ,  0.0075,
        0.01  ]), 'y': array([7.79544027e-04, 4.37023756e-04, 1.94237197e-04, 4.92301602e-05,
       4.44751136e-05, 1.80580048e-04, 4.06462880e-04, 7.20951314e-04]), 'a2': np.float64(7.502943078324224)}","{'family': 'normal', 'x': array([-0.01  , -0.0075, -0.005 , -0.0025,  0.0025,  0.005 ,  0.0075,
        0.01  ]), 'y': array([1.59070574e-04, 8.95470873e-05, 4.00467834e-05, 1.02902292e-05,
       8.87381628e-06, 3.66139175e-05, 8.29054708e-05, 1.47425107e-04]), 'a2': np.float64(1.5324113957566232)}","{'family': 'shear', 'x': array([-0.04, -0.03, -0.02, -0.01,  0.01,  0.02,  0.03,  0.04]), 'y': array([0.00220538, 0.00124361, 0.00055564, 0.0001397 , 0.00013923,
       0.00055465, 0.00124206, 0.00220324]), 'a2': np.float64(1.3760748747851979)}",1.6673206840720498,3.0648227915132464,0.9685696303514515,0.6880374373925989,0.8320730946679185,0.7976524351436309,0.8148627649057747,2.0461367924509934,267.1342219396501,491.0387423457516,155.18196173659936,110.23574964255657,133.3128059073644,127.79800831113137,130.55540710924788,True,True,True,True,success
W,Mo,0.9,0.8984375,62,3.152,-1424.342849545832,2027.1196679246482,2977.1484375,"{'family': 'hydrostatic', 'x': array([-0.01  , -0.0075, -0.005 , -0.0025,  0.0025,  0.005 ,  0.0075,
        0.01  ]), 'y': array([7.76586278e-04, 4.34860921e-04, 1.92830178e-04, 4.85403924e-05,
       4.51484822e-05, 1.81912851e-04, 4.08453762e-04, 7.23632294e-04]), 'a2': np.float64(7.50155137914377)}","{'family': 'normal', 'x': array([-0.01  , -0.0075, -0.005 , -0.0025,  0.0025,  0.005 ,  0.0075,
        0.01  ]), 'y': array([1.58247137e-04, 8.89279156e-05, 3.96345464e-05, 1.00848514e-05,
       9.08467595e-06, 3.70336048e-05, 8.35359891e-05, 1.48268563e-04]), 'a2': np.float64(1.5324892080933148)}","{'family': 'shear', 'x': array([-0.04, -0.03, -0.02, -0.01,  0.01,  0.02,  0.03,  0.04]), 'y': array([0.00220335, 0.00124223, 0.00055482, 0.00013932, 0.00013958,
       0.00055532, 0.00124299, 0.00220434]), 'a2': np.float64(1.375769448351759)}",1.6670114175875044,3.0649784161866296,0.9680279182879417,0.6878847241758795,0.8321209340852654,0.7976100082943722,0.8148654711898189,2.0457504662130694,267.08467198653653,491.06367616708303,155.0951698962633,110.21128228800507,133.32047062696702,127.79121078053373,130.55584070375036,True,True,True,True,success
W,Mo,0.95,0.953125,42,3.151,-1410.0022516928968,2024.4802076726214,2933.453125,"{'family': 'hydrostatic', 'x': array([-0.01  , -0.0075, -0.005 , -0.0025,  0.0025,  0.005 ,  0.0075,
        0.01  ]), 'y': array([7.68695976e-04, 4.30197849e-04, 1.90527360e-04, 4.77819320e-05,
       4.51191127e-05, 1.81035258e-04, 4.05781173e-04, 7.18002950e-04]), 'a2': np.float64(7.433540121959709)}","{'family': 'normal', 'x': array([-0.01  , -0.0075, -0.005 , -0.0025,  0.0025,  0.005 ,  0.0075,
        0.01  ]), 'y': array([1.57043575e-04, 8.81821425e-05, 3.92365102e-05, 9.93326509e-06,
       9.14444920e-06, 3.70709115e-05, 8.34624863e-05, 1.48003446e-04]), 'a2': np.float64(1.5251382952467691)}","{'family': 'shear', 'x': array([-0.04, -0.03, -0.02, -0.01,  0.01,  0.02,  0.03,  0.04]), 'y': array([0.00216483, 0.00122204, 0.0005464 , 0.00013735, 0.00013735,
       0.00054636, 0.00122191, 0.00216452]), 'a2': np.float64(1.3509799721976334)}",1.6518978048799353,3.0502765904935383,0.952708412073134,0.6754899860988167,0.8248076273433711,0.7876259880994652,0.8062168077214181,2.0489498470623992,264.6632042929472,488.70818402622825,152.64071442630677,108.22542633120412,132.1487497187068,126.1915944067462,129.1701720627265,True,True,True,True,success
W,Mo,0.95,0.953125,52,3.151,-1410.0072806866644,2024.5109070300034,2933.453125,"{'family': 'hydrostatic', 'x': array([-0.01  , -0.0075, -0.005 , -0.0025,  0.0025,  0.005 ,  0.0075,
        0.01  ]), 'y': array([7.67851693e-04, 4.29573119e-04, 1.90117165e-04, 4.75803615e-05,
       4.53184365e-05, 1.81424904e-04, 4.06342533e-04, 7.18720285e-04]), 'a2': np.float64(7.432865653737055)}","{'family': 'normal', 'x': array([-0.01  , -0.0075, -0.005 , -0.0025,  0.0025,  0.005 ,  0.0075,
        0.01  ]), 'y': array([1.56701674e-04, 8.79258308e-05, 3.90608769e-05, 9.84505063e-06,
       9.23262574e-06, 3.72517558e-05, 8.37355508e-05, 1.48366445e-04]), 'a2': np.float64(1.5252539357844432)}","{'family': 'shear', 'x': array([-0.04, -0.03, -0.02, -0.01,  0.01,  0.02,  0.03,  0.04]), 'y': array([0.00216417, 0.00122171, 0.00054628, 0.00013734, 0.00013729,
       0.00054619, 0.00122159, 0.00216401]), 'a2': np.float64(1.3506060931523336)}",1.651747923052679,3.0505078715688865,0.9523679487945753,0.6753030465761668,0.8248098125005623,0.7875379345992994,0.8061738735499309,2.048873049903393,264.639190576996,488.7452393394039,152.586166195792,108.1954753179348,132.14909981948324,126.1774866808117,129.16329325014746,True,True,True,True,success
W,Mo,0.95,0.953125,62,3.151,-1410.0047385393057,2024.5798374297076,2933.453125,"{'family': 'hydrostatic', 'x': array([-0.01  , -0.0075, -0.005 , -0.0025,  0.0025,  0.005 ,  0.0075,
        0.01  ]), 'y': array([7.66425961e-04, 4.28519526e-04, 1.89427152e-04, 4.72414124e-05,
       4.56500333e-05, 1.82083834e-04, 4.07338424e-04, 7.20073284e-04]), 'a2': np.float64(7.432525683340938)}","{'family': 'normal', 'x': array([-0.01  , -0.0075, -0.005 , -0.0025,  0.0025,  0.005 ,  0.0075,
        0.01  ]), 'y': array([1.56242210e-04, 8.75845026e-05, 3.88352474e-05, 9.73277512e-06,
       9.34500581e-06, 3.74699274e-05, 8.40613151e-05, 1.48804463e-04]), 'a2': np.float64(1.5251421723328697)}","{'family': 'shear', 'x': array([-0.04, -0.03, -0.02, -0.01,  0.01,  0.02,  0.03,  0.04]), 'y': array([0.00216403, 0.0012216 , 0.0005462 , 0.0001373 , 0.00013733,
       0.00054624, 0.00122164, 0.00216405]), 'a2': np.float64(1.3505791191125545)}",1.651672374075764,3.0502843446657395,0.9523663887807763,0.6752895595562772,0.8247573269107591,0.7875019098233658,0.8061296183670624,2.0488918114948764,264.6270862965421,488.7094263815697,152.58591625402832,108.19331445913966,132.14069070099208,126.17171487543465,129.15620278821336,True,True,True,True,success
W,Mo,1.0,1.0,42,3.15,-1397.7093821435774,2022.7064886535015,2896.0,"{'family': 'hydrostatic', 'x': array([-0.01  , -0.0075, -0.005 , -0.0025,  0.0025,  0.005 ,  0.0075,
        0.01  ]), 'y': array([7.49787006e-04, 4.17185247e-04, 1.82635653e-04, 4.42162000e-05,
       4.79043428e-05, 1.85816495e-04, 4.11560655e-04, 7.23648299e-04]), 'a2': np.float64(7.366792495509384)}","{'family': 'normal', 'x': array([-0.01  , -0.0075, -0.005 , -0.0025,  0.0025,  0.005 ,  0.0075,
        0.01  ]), 'y': array([1.51955390e-04, 8.45037316e-05, 3.68994588e-05, 8.79167963e-06,
       1.01812432e-05, 3.90449839e-05, 8.62994547e-05, 1.51596866e-04]), 'a2': np.float64(1.517686458985233)}","{'family': 'shear', 'x': array([-0.04, -0.03, -0.02, -0.01,  0.01,  0.02,  0.03,  0.04]), 'y': array([0.00212964, 0.00120355, 0.00053865, 0.00013549, 0.00013549,
       0.00053865, 0.00120355, 0.00212964]), 'a2': np.float64(1.328781179111016)}",1.6370649990020854,3.035372917970466,0.9379110395178951,0.664390589555508,0.8181267294238189,0.7785151014257067,0.7983209154247628,2.0506352362458795,262.28672681311167,486.3203524581757,150.26991399057965,106.44710696653635,131.07835187344102,124.7318694444008,127.9051106589209,True,True,True,True,success
W,Mo,1.0,1.0,52,3.15,-1397.7093821435774,2022.7064940141538,2896.0,"{'family': 'hydrostatic', 'x': array([-0.01  , -0.0075, -0.005 , -0.0025,  0.0025,  0.005 ,  0.0075,
        0.01  ]), 'y': array([7.49791449e-04, 4.17185497e-04, 1.82636910e-04, 4.42167869e-05,
       4.79047620e-05, 1.85815739e-04, 4.11560318e-04, 7.23649891e-04]), 'a2': np.float64(7.366819078827878)}","{'family': 'normal', 'x': array([-0.01  , -0.0075, -0.005 , -0.0025,  0.0025,  0.005 ,  0.0075,
        0.01  ]), 'y': array([1.51953042e-04, 8.45035637e-05, 3.68977814e-05, 8.79117642e-06,
       1.01794820e-05, 3.90433903e-05, 8.63010479e-05, 1.51597789e-04]), 'a2': np.float64(1.5176964927887064)}","{'family': 'shear', 'x': array([-0.04, -0.03, -0.02, -0.01,  0.01,  0.02,  0.03,  0.04]), 'y': array([0.00212964, 0.00120355, 0.00053865, 0.00013549, 0.00013549,
       0.00053865, 0.00120355, 0.00212964]), 'a2': np.float64(1.3287813917537656)}",1.637070906406195,3.035392985577413,0.9379098668205861,0.6643906958768828,0.8181310412774951,0.7785175299747845,0.7983242856261399,2.0506339790505197,262.2876732835871,486.32356764324425,150.26972610375847,106.44712400109846,131.07904270855624,124.7322585408563,127.90565062470628,True,True,True,True,success
W,Mo,1.0,1.0,62,3.15,-1397.7093784116114,2022.7064854012267,2896.0,"{'family': 'hydrostatic', 'x': array([-0.01  , -0.0075, -0.005 , -0.0025,  0.0025,  0.005 ,  0.0075,
        0.01  ]), 'y': array([7.49787258e-04, 4.17183067e-04, 1.82634982e-04, 4.42164517e-05,
       4.79009044e-05, 1.85813895e-04, 4.11558810e-04, 7.23646875e-04]), 'a2': np.float64(7.36680251917695)}","{'family': 'normal', 'x': array([-0.01  , -0.0075, -0.005 , -0.0025,  0.0025,  0.005 ,  0.0075,
        0.01  ]), 'y': array([1.51952036e-04, 8.45009642e-05, 3.68971106e-05, 8.78891209e-06,
       1.01767984e-05, 3.90418809e-05, 8.62992871e-05, 1.51596951e-04]), 'a2': np.float64(1.5177073952352211)}","{'family': 'shear', 'x': array([-0.04, -0.03, -0.02, -0.01,  0.01,  0.02,  0.03,  0.04]), 'y': array([0.00212964, 0.00120355, 0.00053865, 0.00013549, 0.00013549,
       0.00053865, 0.00120355, 0.00212963]), 'a2': np.float64(1.3287798875120245)}",1.6370672264837667,3.0354147904704423,0.9378934444904288,0.6643899437560122,0.8181382354496101,0.7785211233972722,0.7983296794234411,2.050615514715759,262.28708369501896,486.32706117222733,150.26709495641475,106.44700349805098,131.0801953419931,124.73283427060613,127.90651480629961,True,True,True,True,success
